no_,description,customer no_,name,address,city,post code,county,bill-to customer no_,bill-to name,bill-to post code,bill-to city,order date,order time,starting date,expected hours,modified on,modified by,assigned to,service contract no_,service package,service location no_,collect invoices by old,status,base service order no_,base service order,created on,created by,employee no_,final planning dsp,order type dsp,service cluster,posted hours (gantt chart),finished hours (gantt chart),house no_,house no_ ext_,recording work order no_,tenant no_,limit budget exceedance,process structure code,causer source type,causer source no_,sms reminder sent,plant meter,allow invoice separately
SOHS62216,Hol 4 monsters koper-zilverionisatie,KLHS01513,Complex 40.014 Nieuwehagen (HW),Gervenstraat  2,S HERTOGENBOSCH,5211 PD,,KLHS01513,BrabantWonen,5340 AD,OSS,2016-01-26 00:00:00.000,1754-01-01 13:42:43.527,2016-01-27 00:00:00.000,0.0,2018-10-08 00:00:00.000,NTD1\OOMEL1,RE000012,SCHS02088,A6MF1J,SLHS09696,6,4,SOHS62216,1,2016-01-26 00:00:00.000,OOMEL1,RE000018,0,,,0,0,2,,,,0,,0,,0,,0
SOHS62221,Hol 4 monsters koper-zilverionisatie,KLHS01513,01.03.005.01 Nieuwehagen (HW),Gervenstraat  2,S HERTOGENBOSCH,5211 PD,,KLHS01513,BrabantWonen,5340 AD,OSS,2016-01-26 00:00:00.000,1754-01-01 13:24:09.967,2016-02-25 00:00:00.000,0.0,2018-10-08 00:00:00.000,NTD1\OOMEL1,RE000012,SCHS02088,A6MF1J,SLHS09696,6,4,SOHS62221,1,2016-01-26 00:00:00.000,OOMEL1,RE000018,0,,,0,0,2,,,,0,,0,,0,,0
SOHS64399,Jaarl cbt BA,KLHS01513,01.03.005.01 Nieuwehagen (HW),Gervenstraat  2,S HERTOGENBOSCH,5211 PD,,KLHS01513,BrabantWonen,5340 AD,OSS,2016-02-25 00:00:00.000,1754-01-01 09:24:35.263,2016-02-29 00:00:00.000,0.0,2018-10-08 00:00:00.000,NTD1\OOMEL1,RE000012,SCHS02088,A6MF1J,SLHS09696,6,4,SOHS64399,1,2016-02-25 00:00:00.000,OOMEL1,RE000033,0,,,0,0,2,,,,0,,0,,0,,0
SOHS64401,Jaarl mp IIIC,KLHS01513,01.03.005.01 Nieuwehagen (HW),Gervenstraat  2,S HERTOGENBOSCH,5211 PD,,KLHS01513,BrabantWonen,5340 AD,OSS,2016-02-25 00:00:00.000,1754-01-01 09:15:11.477,2016-03-02 00:00:00.000,0.0,2018-10-08 00:00:00.000,NTD1\OOMEL1,RE000012,SCHS02088,A6MF1J,SLHS09696,6,4,SOHS64401,1,2016-02-25 00:00:00.000,OOMEL1,RE000018,0,,,0,0,2,,,,0,,0,,0,,0
SOHS64402,Begeleiden controle Brabant Water,KLHS01513,01.03.005.01 Nieuwehagen (HW),Gervenstraat  2,S HERTOGENBOSCH,5211 PD,,KLHS01513,BrabantWonen,5340 AD,OSS,2016-02-25 00:00:00.000,1754-01-01 09:13:22.260,2016-03-02 00:00:00.000,0.0,2018-10-08 00:00:00.000,NTD1\OOMEL1,RE000012,SCHS02088,A6MF1J,SLHS09696,6,4,SOHS64402,1,2016-02-25 00:00:00.000,OOMEL1,RE000018,0,,,0,0,2,,,,0,,0,,0,,0
SOHS65216,Halfj koper/zilver,KLHS01513,01.03.005.01 Nieuwehagen (HW),Gervenstraat  2,S HERTOGENBOSCH,5211 PD,,KLHS01513,BrabantWonen,5340 AD,OSS,2016-03-02 00:00:00.000,1754-01-01 06:10:01.193,2016-07-01 00:00:00.000,0.52,2018-10-08 00:00:00.000,NTD1\OOMEL1,RE000012,SCHS02088,A6MF1J,SLHS09696,6,4,SOHS65216,1,2016-03-02 00:00:00.000,OOMEL1,RE000018,0,,15.0,0,0,2,,,,0,,0,,0,,0
SOHS65217,Halfj mon,KLHS01513,01.03.005.01 Nieuwehagen (HW),Gervenstraat  2,S HERTOGENBOSCH,5211 PD,,KLHS01513,BrabantWonen,5340 AD,OSS,2016-03-02 00:00:00.000,1754-01-01 06:09:56.473,2016-04-01 00:00:00.000,0.78,2018-10-08 00:00:00.000,NTD1\OOMEL1,RE000012,SCHS02088,A6MF1J,SLHS09696,6,4,SOHS65217,1,2016-03-02 00:00:00.000,OOMEL1,RE000018,0,,1.0,0,0,2,,,,0,,0,,0,,0
SOHS65218,Halfj mon,KLHS01513,01.03.005.01 Nieuwehagen (HW),Gervenstraat  2,S HERTOGENBOSCH,5211 PD,,KLHS01513,BrabantWonen,5340 AD,OSS,2016-03-02 00:00:00.000,1754-01-01 06:09:55.573,2016-10-01 00:00:00.000,0.78,2018-10-08 00:00:00.000,NTD1\OOMEL1,RE000012,SCHS02088,A6MF1J,SLHS09696,6,4,SOHS65218,1,2016-03-02 00:00:00.000,OOMEL1,RE000018,0,,1.0,0,0,2,,,,0,,0,,0,,0
SOHS65219,Jaarl ctb,KLHS01513,01.03.005.01 Nieuwehagen (HW),Gervenstraat  2,S HERTOGENBOSCH,5211 PD,,KLHS01513,BrabantWonen,5340 AD,OSS,2016-03-02 00:00:00.000,1754-01-01 06:09:54.643,2016-03-02 00:00:00.000,3.75,2018-10-08 00:00:00.000,NTD1\KANTK1,RE000012,SCHS02088,A6MF1J,SLHS09696,6,4,SOHS65219,1,2016-03-02 00:00:00.000,OOMEL1,RE019564,0,,3.0,0,0,2,,,,0,,0,,0,,0
SOHS65220,Jaarl ctb ba,KLHS01513,01.03.005.01 Nieuwehagen (HW),Gervenstraat  2,S HERTOGENBOSCH,5211 PD,,KLHS01513,BrabantWonen,5340 AD,OSS,2016-03-02 00:00:00.000,1754-01-01 06:09:54.290,2016-03-02 00:00:00.000,0.13,2018-10-08 00:00:00.000,NTD1\KANTK1,RE000012,SCHS02088,A6MF1J,SLHS09696,6,6,SOHS65220,1,2016-03-02 00:00:00.000,OOMEL1,RE019564,0,,8.0,0,0,2,,,,0,,0,,0,,0
SOHS65221,Jaarl mp IIIc,KLHS01513,01.03.005.01 Nieuwehagen (HW),Gervenstraat  2,S HERTOGENBOSCH,5211 PD,,KLHS01513,BrabantWonen,5340 AD,OSS,2016-03-02 00:00:00.000,1754-01-01 06:09:54.030,2016-04-01 00:00:00.000,0.13,2018-10-08 00:00:00.000,NTD1\KANTK1,RE000012,SCHS02088,A6MF1J,SLHS09696,6,6,SOHS65221,1,2016-03-02 00:00:00.000,OOMEL1,RE000018,0,,6.0,0,0,2,,,,0,,0,,0,,0
SOHS65619,Melding ILT,KLHS01513,01.03.005.01 Nieuwehagen (HW),Gervenstraat  2,S HERTOGENBOSCH,5211 PD,,KLHS01513,BrabantWonen,5340 AD,OSS,2016-03-07 00:00:00.000,1754-01-01 07:23:29.800,2016-03-07 00:00:00.000,1.0,2018-10-08 00:00:00.000,NTD1\OOMEL1,RE000012,SCHS02088,A6MF1J,SLHS09696,6,4,SOHS65619,1,2016-03-07 00:00:00.000,OOMEL1,RE000018,0,,,0,0,2,,,,0,,0,,0,,0
SOHS66966,Mon 4 monsters koper-zilverionisatie,KLHS01513,01.03.005.01 Nieuwehagen (HW),Gervenstraat  2,S HERTOGENBOSCH,5211 PD,,KLHS01513,BrabantWonen,5340 AD,OSS,2016-03-14 00:00:00.000,1754-01-01 09:42:39.287,2016-03-23 00:00:00.000,0.0,2018-10-08 00:00:00.000,NTD1\OOMEL1,RE000012,SCHS02088,A6MF1J,SLHS09696,6,4,SOHS66966,1,2016-03-14 00:00:00.000,OOMEL1,RE000018,0,,,0,0,2,,,,0,,0,,0,,0
SOHS68857,Melding ILT,KLHS01513,01.03.005.01 Nieuwehagen (HW),Gervenstraat  2,S HERTOGENBOSCH,5211 PD,,KLHS01513,BrabantWonen,5340 AD,OSS,2016-04-04 00:00:00.000,1754-01-01 13:47:28.417,2016-04-04 00:00:00.000,1.0,2018-10-08 00:00:00.000,NTD1\OOMEL1,RE000012,SCHS02088,A6MF1J,SLHS09696,6,4,SOHS68857,1,2016-04-04 00:00:00.000,OOMEL1,RE000018,0,,,0,0,2,,,,0,,0,,0,,0
SOHS69623,Vergelijken tappunten en aantal te nemen monsters,KLHS01513,01.03.005.01 Nieuwehagen (HW),Gervenstraat  2,S HERTOGENBOSCH,5211 PD,,KLHS01513,BrabantWonen,5340 AD,OSS,2016-04-15 00:00:00.000,1754-01-01 13:46:58.850,2016-04-15 00:00:00.000,1.0,2018-10-08 00:00:00.000,NTD1\OOMEL1,RE000012,SCHS02088,A6MF1J,SLHS09696,6,4,SOHS69623,1,2016-04-15 00:00:00.000,OOMEL1,RE000012,0,,,0,0,2,,,,0,,0,,0,,0
SOHS70236,Melding ILT,KLHS01513,01.03.005.01 Nieuwehagen (HW),Gervenstraat  2,S HERTOGENBOSCH,5211 PD,,KLHS01513,BrabantWonen,5340 AD,OSS,2016-04-28 00:00:00.000,1754-01-01 07:12:23.860,2016-04-28 00:00:00.000,1.0,2018-10-08 00:00:00.000,NTD1\OOMEL1,RE000012,SCHS02088,A6MF1J,SLHS09696,6,4,SOHS70236,1,2016-04-28 00:00:00.000,OOMEL1,RE000018,0,,,0,0,2,,,,0,,0,,0,,0
SOHS70631,Hol 3 monsters,KLHS01513,01.03.005.01 Nieuwehagen (HW),Gervenstraat  2,S HERTOGENBOSCH,5211 PD,,KLHS01513,BrabantWonen,5340 AD,OSS,2016-05-17 00:00:00.000,1754-01-01 12:08:05.997,2016-05-17 00:00:00.000,1.0,2018-10-08 00:00:00.000,NTD1\OOMEL1,RE000012,SCHS02088,A6MF1J,SLHS09696,6,4,SOHS70631,1,2016-05-17 00:00:00.000,NTD1\OOMEL1,RE000018,0,,,0,0,2,,,,0,,0,,0,,0
SOHS71360,Vervolgmelding ILT,KLHS01513,01.03.005.01 Nieuwehagen (HW),Gervenstraat  2,S HERTOGENBOSCH,5211 PD,,KLHS01513,BrabantWonen,5340 AD,OSS,2016-06-09 00:00:00.000,1754-01-01 08:39:05.320,2016-06-09 00:00:00.000,1.0,2018-10-08 00:00:00.000,NTD1\OOMEL1,RE000012,SCHS02088,A6MF1J,SLHS09696,6,4,SOHS71360,1,2016-06-09 00:00:00.000,NTD1\OOMEL1,RE000018,0,,,0,0,2,,,,0,,0,,0,,0
SOHS71564,Mon koper-zilverionisatie 3 monsters,KLHS01513,01.03.005.01 Nieuwehagen (HW),Gervenstraat  2,S HERTOGENBOSCH,5211 PD,,KLHS01513,BrabantWonen,5340 AD,OSS,2016-06-21 00:00:00.000,1754-01-01 12:20:28.680,2016-06-22 00:00:00.000,1.0,2018-10-08 00:00:00.000,NTD1\OOMEL1,RE000012,SCHS02088,A6MF1J,SLHS09696,6,4,SOHS71564,1,2016-06-21 00:00:00.000,NTD1\OOMEL1,RE000018,0,,,0,0,2,,,,0,,0,,0,,0
SOHS71599,Uitleg wtb op locatie Antoine Derksen,KLHS01513,01.03.005.01 Nieuwehagen (HW),Gervenstraat  2,S HERTOGENBOSCH,5211 PD,,KLHS01513,BrabantWonen,5340 AD,OSS,2016-06-22 00:00:00.000,1754-01-01 16:00:43.113,2016-06-23 00:00:00.000,1.0,2018-10-08 00:00:00.000,NTD1\OOMEL1,RE000012,SCHS02088,A6MF1J,SLHS09696,6,4,SOHS71599,1,2016-06-22 00:00:00.000,NTD1\OOMEL1,RE000018,0,,,0,0,2,,,,0,,0,,0,,0
SOHS71946,Melding ILT,KLHS01513,01.03.005.01 Nieuwehagen (HW),Gervenstraat  2,S HERTOGENBOSCH,5211 PD,,KLHS01513,BrabantWonen,5340 AD,OSS,2016-07-08 00:00:00.000,1754-01-01 08:56:47.377,2016-07-08 00:00:00.000,1.0,2018-10-08 00:00:00.000,NTD1\OOMEL1,RE000012,SCHS02088,A6MF1J,SLHS09696,6,4,SOHS71946,1,2016-07-08 00:00:00.000,NTD1\OOMEL1,RE000018,0,,,0,0,2,,,,0,,0,,0,,0
SOHS72320,Melding ILT,KLHS01513,01.03.005.01 Nieuwehagen (HW),Gervenstraat  2,S HERTOGENBOSCH,5211 PD,,KLHS01513,BrabantWonen,5340 AD,OSS,2016-07-28 00:00:00.000,1754-01-01 15:27:50.083,2016-07-28 00:00:00.000,0.25,2018-10-08 00:00:00.000,NTD1\OOMEL1,,SCHS02088,A6MF1J,SLHS09696,6,4,SOHS72320,1,2016-07-28 00:00:00.000,NTD1\WAASA1,RE019564,0,,,0,0,2,,,,0,,0,,0,,0
SOHS72377,"Plaatsen, leveren 15 showerf. en 50 cart. Comfort ",KLHS01513,01.03.005.01 Nieuwehagen (HW),Gervenstraat  2,S HERTOGENBOSCH,5211 PD,,KLHS01513,BrabantWonen,5340 AD,OSS,2016-08-04 00:00:00.000,1754-01-01 14:19:14.103,2016-08-04 00:00:00.000,1.0,2018-10-08 00:00:00.000,NTD1\OOMEL1,RE000012,SCHS02088,A6MF1J,SLHS09696,6,4,SOHS72377,1,2016-08-04 00:00:00.000,NTD1\OOMEL1,RE019564,0,,,0,0,2,,,,0,,0,,0,,0
SOHS72418,Maand mon koper-zilverionisatie ,KLHS01513,01.03.005.01 Nieuwehagen (HW),Gervenstraat  2,S HERTOGENBOSCH,5211 PD,,KLHS01513,BrabantWonen,5340 AD,OSS,2016-08-05 00:00:00.000,1754-01-01 10:29:45.633,2016-08-05 00:00:00.000,1.0,2018-10-08 00:00:00.000,NTD1\OOMEL1,RE000012,SCHS02088,A6MF1J,SLHS09696,6,4,SOHS72418,1,2016-08-05 00:00:00.000,NTD1\OOMEL1,RE000018,0,,,0,0,2,,,,0,,0,,0,,0
SOHS73109,Opstellen looplijst spoelen hoofdleiding en bsh,KLHS01513,01.03.005.01 Nieuwehagen (HW),Gervenstraat  2,S HERTOGENBOSCH,5211 PD,,KLHS01513,BrabantWonen,5340 AD,OSS,2016-08-16 00:00:00.000,1754-01-01 14:06:14.130,2016-11-01 00:00:00.000,1.0,2018-10-08 00:00:00.000,NTD1\OOMEL1,RE000012,SCHS02088,A6MF1J,SLHS09696,6,4,SOHS73109,1,2016-08-16 00:00:00.000,NTD1\OOMEL1,RE000018,0,,,0,0,2,,,,0,,0,,0,,0
SOHS73152,Maand mon koper/zilver 3 monsters,KLHS01513,01.03.005.01 Nieuwehagen (HW),Gervenstraat  2,S HERTOGENBOSCH,5211 PD,,KLHS01513,BrabantWonen,5340 AD,OSS,2016-08-19 00:00:00.000,1754-01-01 07:49:50.850,2016-08-19 00:00:00.000,1.0,2018-10-09 00:00:00.000,NTD1\BEEKB1,RE000012,SCHS02088,A6MF1J,SLHS09696,6,6,SOHS73152,1,2016-08-19 00:00:00.000,NTD1\OOMEL1,RE000018,0,,,0,0,2,,,,0,,0,,0,,0
SOHS74217,Melding ILT,KLHS01513,01.03.005.01 Nieuwehagen (HW),Gervenstraat  2,S HERTOGENBOSCH,5211 PD,,KLHS01513,BrabantWonen,5340 AD,OSS,2016-09-09 00:00:00.000,1754-01-01 07:54:59.333,2016-09-09 00:00:00.000,1.0,2018-10-08 00:00:00.000,NTD1\OOMEL1,RE000012,SCHS02088,A6MF1J,SLHS09696,6,4,SOHS74217,1,2016-09-09 00:00:00.000,NTD1\OOMEL1,RE000018,0,,,0,0,2,,,,0,,0,,0,,0
SOHS74292,Maand mon koper-zilverionisatie 3 monsters,KLHS01513,01.03.005.01 Nieuwehagen (HW),Gervenstraat  2,S HERTOGENBOSCH,5211 PD,,KLHS01513,BrabantWonen,5340 AD,OSS,2016-09-19 00:00:00.000,1754-01-01 14:35:33.143,2016-09-22 00:00:00.000,1.0,2018-10-08 00:00:00.000,NTD1\OOMEL1,RE000012,SCHS02088,A6MF1J,SLHS09696,6,4,SOHS74292,1,2016-09-19 00:00:00.000,NTD1\OOMEL1,RE000018,0,,,0,0,2,,,,0,,0,,0,,0
SOHS76444,Melding ILT (8-11),KLHS01513,01.03.005.01 Nieuwehagen (HW),Gervenstraat  2,S HERTOGENBOSCH,5211 PD,,KLHS01513,BrabantWonen,5340 AD,OSS,2016-11-11 00:00:00.000,1754-01-01 07:55:33.663,2016-11-11 00:00:00.000,1.0,2018-10-08 00:00:00.000,NTD1\OOMEL1,RE000012,SCHS02088,A6MF1J,SLHS09696,6,4,SOHS76444,1,2016-11-11 00:00:00.000,NTD1\OOMEL1,RE000018,0,,,0,0,2,,,,0,,0,,0,,0
SOHS76529,Logblad maken beheerschema A en C,KLHS01513,01.03.005.01 Nieuwehagen (HW),Gervenstraat  2,S HERTOGENBOSCH,5211 PD,,KLHS01513,BrabantWonen,5340 AD,OSS,2016-11-17 00:00:00.000,1754-01-01 14:09:58.737,2016-11-17 00:00:00.000,0.5,2018-10-09 00:00:00.000,NTD1\BEEKB1,RE000012,SCHS02088,A6MF1J,SLHS09696,6,6,SOHS76529,1,2016-11-17 00:00:00.000,NTD1\OOMEL1,RE000018,0,,,0,0,2,,,,0,,0,,0,,0
SOHS76532,Maandelijkse mon koper-zilverionisatie 3 monsters,KLHS01513,01.03.005.01 Nieuwehagen (HW),Gervenstraat  2,S HERTOGENBOSCH,5211 PD,,KLHS01513,BrabantWonen,5340 AD,OSS,2016-11-17 00:00:00.000,1754-01-01 13:41:59.323,2016-11-24 00:00:00.000,1.0,2018-10-08 00:00:00.000,NTD1\OOMEL1,RE000012,SCHS02088,A6MF1J,SLHS09696,6,4,SOHS76532,1,2016-11-17 00:00:00.000,NTD1\OOMEL1,RE000018,0,,,0,0,2,,,,0,,0,,0,,0
SOHS76802,Maandelijkse mon koper-zilverionisatie 4 monsters,KLHS01513,01.03.005.01 Nieuwehagen (HW),Gervenstraat  2,S HERTOGENBOSCH,5211 PD,,KLHS01513,BrabantWonen,5340 AD,OSS,2016-12-06 00:00:00.000,1754-01-01 13:13:42.877,2016-12-23 00:00:00.000,1.0,2018-10-08 00:00:00.000,NTD1\OOMEL1,RE000012,SCHS02088,A6MF1J,SLHS09696,6,4,SOHS76802,1,2016-12-06 00:00:00.000,NTD1\OOMEL1,RE019564,0,,,0,0,2,,,,0,,0,,0,,0
SOHS76826,Aanpassen spoelen tappunten schema C wtb,KLHS01513,01.03.005.01 Nieuwehagen (HW),Gervenstraat  2,S HERTOGENBOSCH,5211 PD,,KLHS01513,BrabantWonen,5340 AD,OSS,2016-12-07 00:00:00.000,1754-01-01 14:09:22.660,2016-12-07 00:00:00.000,1.5,2018-10-08 00:00:00.000,NTD1\OOMEL1,RE000012,SCHS02088,A6MF1J,SLHS09696,6,4,SOHS76826,1,2016-12-07 00:00:00.000,NTD1\OOMEL1,RE000018,0,,,0,0,2,,,,0,,0,,0,,0
SOHS77048,Melding ILT (9-12),KLHS01513,01.03.005.01 Nieuwehagen (HW),Gervenstraat  2,S HERTOGENBOSCH,5211 PD,,KLHS01513,BrabantWonen,5340 AD,OSS,2016-12-12 00:00:00.000,1754-01-01 11:50:15.950,2016-12-12 00:00:00.000,0.25,2018-10-08 00:00:00.000,NTD1\OOMEL1,RE000012,SCHS02088,A6MF1J,SLHS09696,6,4,SOHS77048,1,2016-12-12 00:00:00.000,NTD1\OOMEL1,RE000018,0,,,0,0,2,,,,0,,0,,0,,0
SOHS77144,2x per week spoelen week 1,KLHS01513,01.03.005.01 Nieuwehagen (HW),Gervenstraat  2,S HERTOGENBOSCH,5211 PD,,KLHS01513,BrabantWonen,5340 AD,OSS,2016-12-14 00:00:00.000,1754-01-01 06:07:36.440,2017-01-02 00:00:00.000,4.0,2018-10-08 00:00:00.000,NTD1\OOMEL1,RE000012,SCHS02088,A6MF1J,SLHS09696,6,4,SOHS77144,1,2016-12-14 00:00:00.000,NTD1\OOMEL1,RE019564,0,,,0,0,2,,,,0,,0,,0,,0
SOHS77146,2x per week spoelen week 2,KLHS01513,01.03.005.01 Nieuwehagen (HW),Gervenstraat  2,S HERTOGENBOSCH,5211 PD,,KLHS01513,BrabantWonen,5340 AD,OSS,2016-12-14 00:00:00.000,1754-01-01 06:06:13.923,2017-01-09 00:00:00.000,4.0,2018-10-08 00:00:00.000,NTD1\OOMEL1,RE000012,SCHS02088,A6MF1J,SLHS09696,6,4,SOHS77146,1,2016-12-14 00:00:00.000,NTD1\OOMEL1,RE019564,0,,,0,0,2,,,,0,,0,,0,,0
SOHS77147,2x per week spoelen week 3,KLHS01513,01.03.005.01 Nieuwehagen (HW),Gervenstraat  2,S HERTOGENBOSCH,5211 PD,,KLHS01513,BrabantWonen,5340 AD,OSS,2016-12-14 00:00:00.000,1754-01-01 06:04:57.100,2017-01-16 00:00:00.000,4.0,2018-10-08 00:00:00.000,NTD1\OOMEL1,RE000012,SCHS02088,A6MF1J,SLHS09696,6,4,SOHS77147,1,2016-12-14 00:00:00.000,NTD1\OOMEL1,RE003223,0,,,0,0,2,,,,0,,0,,0,,0
SOHS77148,2x per week spoelen week 4,KLHS01513,01.03.005.01 Nieuwehagen (HW),Gervenstraat  2,S HERTOGENBOSCH,5211 PD,,KLHS01513,BrabantWonen,5340 AD,OSS,2016-12-14 00:00:00.000,1754-01-01 06:03:59.463,2017-01-23 00:00:00.000,4.0,2018-10-08 00:00:00.000,NTD1\OOMEL1,RE000012,SCHS02088,A6MF1J,SLHS09696,6,4,SOHS77148,1,2016-12-14 00:00:00.000,NTD1\OOMEL1,RE003223,0,,,0,0,2,,,,0,,0,,0,,0
SOHS77149,2x per week spoelen week 5,KLHS01513,01.03.005.01 Nieuwehagen (HW),Gervenstraat  2,S HERTOGENBOSCH,5211 PD,,KLHS01513,BrabantWonen,5340 AD,OSS,2016-12-14 00:00:00.000,1754-01-01 06:02:58.883,2017-01-30 00:00:00.000,4.0,2018-10-08 00:00:00.000,NTD1\OOMEL1,RE000012,SCHS02088,A6MF1J,SLHS09696,6,4,SOHS77149,1,2016-12-14 00:00:00.000,NTD1\OOMEL1,RE003223,0,,,0,0,2,,,,0,,0,,0,,0
SOHS77150,2x per week spoelen week 6,KLHS01513,01.03.005.01 Nieuwehagen (HW),Gervenstraat  2,S HERTOGENBOSCH,5211 PD,,KLHS01513,BrabantWonen,5340 AD,OSS,2016-12-14 00:00:00.000,1754-01-01 06:02:02.347,2017-02-06 00:00:00.000,4.0,2018-10-08 00:00:00.000,NTD1\OOMEL1,RE000012,SCHS02088,A6MF1J,SLHS09696,6,4,SOHS77150,1,2016-12-14 00:00:00.000,NTD1\OOMEL1,RE003223,0,,,0,0,2,,,,0,,0,,0,,0
SOHS77151,2x per week spoelen week 7,KLHS01513,01.03.005.01 Nieuwehagen (HW),Gervenstraat  2,S HERTOGENBOSCH,5211 PD,,KLHS01513,BrabantWonen,5340 AD,OSS,2016-12-14 00:00:00.000,1754-01-01 06:00:48.267,2017-02-13 00:00:00.000,1.0,2018-10-08 00:00:00.000,NTD1\OOMEL1,RE000012,SCHS02088,A6MF1J,SLHS09696,6,4,SOHS77151,1,2016-12-14 00:00:00.000,NTD1\OOMEL1,RE003223,0,,,0,0,2,,,,0,,0,,0,,0
SO001003,Maandelijkse mon koper/zilverinstallatie 2 mons ,KLHS01513,01.03.005.01 Nieuwehagen (HW),Gervenstraat 2,S HERTOGENBOSCH,5211 PD,,KLHS01513,BrabantWonen,5340 AD,OSS,2018-06-21 00:00:00.000,1754-01-01 10:27:10.867,2018-06-27 00:00:00.000,0.84,2018-08-29 00:00:00.000,NTD1\OOMEL1,RE000012,SCHS02088,A6MF1J,SLHS09696,6,4,SO001003,1,2018-06-21 00:00:00.000,NTD1\OOMEL1,RE019564,0,,,0,0,2,,,,0,,0,,0,,0
SO001628,Melding ILT (10-7),KLHS01513,01.03.005.01 Nieuwehagen (HW),Gervenstraat 2,S HERTOGENBOSCH,5211 PD,,KLHS01513,BrabantWonen,5340 AD,OSS,2018-07-10 00:00:00.000,1754-01-01 08:27:25.990,2018-07-10 00:00:00.000,0.25,2018-08-29 00:00:00.000,NTD1\OOMEL1,RE000012,SCHS02088,A6MF1J,SLHS09696,6,4,SO001628,1,2018-07-10 00:00:00.000,NTD1\OOMEL1,RE000012,0,,,0,0,2,,,,0,,0,,0,,0
SO003209,Maandelijkse mon koper/zilverinstallatie 3 mons ,KLHS01513,01.03.005.01 Nieuwehagen (HW),Gervenstraat 2,S HERTOGENBOSCH,5211 PD,,KLHS01513,BrabantWonen,5340 AD,OSS,2018-08-16 00:00:00.000,1754-01-01 11:21:47.920,2018-08-29 00:00:00.000,1.18,2019-01-11 00:00:00.000,NTD1\OOMEL1,RE000012,SCHS02088,A6MF1J,SLHS09696,6,4,SO003209,1,2018-08-16 00:00:00.000,NTD1\OOMEL1,RE019564,0,,,0,0,2,,,,0,,0,,0,,0
SO003566,Maandelijkse mon koper/zilver 3 mons + 1 extra mon,KLHS01513,01.03.005.01 Nieuwehagen (HW),Gervenstraat 2,S HERTOGENBOSCH,5211 PD,,KLHS01513,BrabantWonen,5340 AD,OSS,2018-09-10 00:00:00.000,1754-01-01 07:29:58.670,2018-09-26 00:00:00.000,1.01,2019-01-11 00:00:00.000,NTD1\OOMEL1,RE000012,SCHS02088,A6MF1J,SLHS09696,6,4,SO003566,1,2018-09-10 00:00:00.000,NTD1\OOMEL1,RE019564,0,,,0,0,2,,,,0,,0,,0,,0
SO003878,Brononderzoek,KLHS01513,01.03.005.01 Nieuwehagen (HW),Gervenstraat 2,S HERTOGENBOSCH,5211 PD,,KLHS01513,BrabantWonen,5340 AD,OSS,2018-09-19 00:00:00.000,1754-01-01 11:50:07.677,2019-01-01 00:00:00.000,1.5,2019-07-23 00:00:00.000,NTD1\OOMEL1,RE000012,SCHS02088,A6MF1J,SLHS09696,0,6,SO003878,1,2018-09-19 00:00:00.000,NTD1\OOMEL1,RE000018,0,,,0,0,2,,,,0,,0,,0,,0
SO004484,Melding ILT (5-10),KLHS01513,01.03.005.01 Nieuwehagen (HW),Gervenstraat 2,S HERTOGENBOSCH,5211 PD,,KLHS01513,BrabantWonen,5340 AD,OSS,2018-10-05 00:00:00.000,1754-01-01 08:42:09.263,2018-10-05 00:00:00.000,0.25,2019-01-11 00:00:00.000,NTD1\OOMEL1,RE000012,SCHS02088,A6MF1J,SLHS09696,0,4,SO004484,1,2018-10-05 00:00:00.000,NTD1\OOMEL1,RE000012,0,,,0,0,2,,,,0,,0,,0,,0
SO005620,Hol na chemische reiniging 1 monster,KLHS01513,01.03.005.01 Nieuwehagen (HW),Gervenstraat 2,S HERTOGENBOSCH,5211 PD,,KLHS01513,BrabantWonen,5340 AD,OSS,2018-11-12 00:00:00.000,1754-01-01 07:17:12.673,2018-11-15 00:00:00.000,0.67,2019-01-11 00:00:00.000,NTD1\OOMEL1,RE000012,SCHS02088,A6MF1J,SLHS09696,0,4,SO005620,1,2018-11-12 00:00:00.000,NTD1\OOMEL1,RE019564,0,,,0,0,2,,,,0,,0,,0,,0
SO006106,Maandelijkse mon koper/zilverinstallatie 2 mons ,KLHS01513,01.03.005.01 Nieuwehagen (HW),Gervenstraat 2,S HERTOGENBOSCH,5211 PD,,KLHS01513,BrabantWonen,5340 AD,OSS,2018-11-21 00:00:00.000,1754-01-01 12:45:22.707,2018-11-22 00:00:00.000,0.84,2019-01-11 00:00:00.000,NTD1\OOMEL1,RE000012,SCHS02088,A6MF1J,SLHS09696,0,4,SO006106,1,2018-11-21 00:00:00.000,NTD1\OOMEL1,RE019564,0,,,0,0,2,,,,0,,0,,0,,0
SO006706,Maandelijkse mon koper/zilver 2 mons,KLHS01513,01.03.005.01 Nieuwehagen (HW),Gervenstraat 2,S HERTOGENBOSCH,5211 PD,,KLHS01513,BrabantWonen,5340 AD,OSS,2018-12-10 00:00:00.000,1754-01-01 07:12:33.733,2018-12-12 00:00:00.000,0.84,2019-01-11 00:00:00.000,NTD1\OOMEL1,RE000012,SCHS02088,A6MF1J,SLHS09696,0,4,SO006706,1,2018-12-10 00:00:00.000,NTD1\OOMEL1,RE019564,0,,,0,0,2,,,,0,,0,,0,,0
SO008578,Halfj koper/zilver,KLHS01513,01.03.005.01 Nieuwehagen (HW),Gervenstraat 2,S HERTOGENBOSCH,5211 PD,,KLHS01513,BrabantWonen,5340 AD,OSS,2019-01-25 00:00:00.000,1754-01-01 11:56:54.360,2019-01-25 00:00:00.000,1.7,2019-03-25 00:00:00.000,NTD1\OOMEL1,RE000012,SCHS02088,A6MF1J,SLHS09696,0,4,SO008578,1,2019-01-25 00:00:00.000,NTD1\OOMEL1,RE019564,0,,,0,0,2,,,,0,,0,,0,,0
SO008640,Jaarl ctb,KLHS01513,01.03.005.01 Nieuwehagen (HW),Gervenstraat 2,S HERTOGENBOSCH,5211 PD,,KLHS01513,BrabantWonen,5340 AD,OSS,2019-01-28 00:00:00.000,1754-01-01 14:41:51.070,2019-03-01 00:00:00.000,31.2,2019-07-25 00:00:00.000,NTD1\OOMEL1,RE000012,SCHS02088,A6MF1J,SLHS09696,0,4,SO008640,1,2019-01-28 00:00:00.000,NTD1\OOMEL1,RE018235,0,,3.0,0,0,2,,,,0,,0,,0,,0
SO008641,Jaarl ba,KLHS01513,01.03.005.01 Nieuwehagen (HW),Gervenstraat 2,S HERTOGENBOSCH,5211 PD,,KLHS01513,BrabantWonen,5340 AD,OSS,2019-01-28 00:00:00.000,1754-01-01 14:41:50.960,2019-03-01 00:00:00.000,0.3,2019-07-25 00:00:00.000,NTD1\OOMEL1,RE000012,SCHS02088,A6MF1J,SLHS09696,0,4,SO008641,1,2019-01-28 00:00:00.000,NTD1\OOMEL1,RE018235,0,,8.0,0,0,2,,,,0,,0,,0,,0
SO008717,Halfj mon / maand. koper/zilver 2 monsters,KLHS01513,01.03.005.01 Nieuwehagen (HW),Gervenstraat 2,S HERTOGENBOSCH,5211 PD,,KLHS01513,BrabantWonen,5340 AD,OSS,2019-01-28 00:00:00.000,1754-01-01 14:41:40.460,2019-04-01 00:00:00.000,1.3,2019-07-25 00:00:00.000,NTD1\OOMEL1,RE000012,SCHS02088,A6MF1J,SLHS09696,0,4,SO008717,1,2019-01-28 00:00:00.000,NTD1\OOMEL1,RE019564,0,,1.0,0,0,2,,,,0,,0,,0,,0
SO008718,Jaarl mp IIIc,KLHS01513,01.03.005.01 Nieuwehagen (HW),Gervenstraat 2,S HERTOGENBOSCH,5211 PD,,KLHS01513,BrabantWonen,5340 AD,OSS,2019-01-28 00:00:00.000,1754-01-01 14:41:40.097,2019-04-01 00:00:00.000,0.13,2019-07-25 00:00:00.000,NTD1\OOMEL1,RE000012,SCHS02088,A6MF1J,SLHS09696,0,4,SO008718,1,2019-01-28 00:00:00.000,NTD1\OOMEL1,RE019564,0,,6.0,0,0,2,,,,0,,0,,0,,0
SO008790,Jaarl thermometer,KLHS01513,01.03.005.01 Nieuwehagen (HW),Gervenstraat 2,S HERTOGENBOSCH,5211 PD,,KLHS01513,BrabantWonen,5340 AD,OSS,2019-01-28 00:00:00.000,1754-01-01 14:41:24.347,2019-04-01 00:00:00.000,0.13,2019-08-16 00:00:00.000,NTD1\OOMEL1,RE000012,SCHS02088,A6MF1J,SLHS09696,0,4,SO008790,1,2019-01-28 00:00:00.000,NTD1\OOMEL1,RE019564,0,,28.0,0,0,2,,,,0,,0,,0,,0
SO008843,Halfj koper/zilver,KLHS01513,01.03.005.01 Nieuwehagen (HW),Gervenstraat 2,S HERTOGENBOSCH,5211 PD,,KLHS01513,BrabantWonen,5340 AD,OSS,2019-01-28 00:00:00.000,1754-01-01 14:41:16.847,2019-07-01 00:00:00.000,1.3,2019-08-16 00:00:00.000,NTD1\OOMEL1,RE000012,SCHS02088,A6MF1J,SLHS09696,0,4,SO008843,1,2019-01-28 00:00:00.000,NTD1\OOMEL1,RE019564,0,,15.0,0,0,2,,,,0,,0,,0,,0
SO008866,Halfj mon / maand. koper/zilver 3 monsters,KLHS01513,01.03.005.01 Nieuwehagen (HW),Gervenstraat 2,S HERTOGENBOSCH,5211 PD,,KLHS01513,BrabantWonen,5340 AD,OSS,2019-01-28 00:00:00.000,1754-01-01 14:41:09.013,2019-10-01 00:00:00.000,1.3,2019-10-16 00:00:00.000,NTD1\OOMEL1,RE000012,SCHS02088,A6MF1J,SLHS09696,0,2,SO008866,1,2019-01-28 00:00:00.000,NTD1\OOMEL1,RE019564,0,,1.0,0,0,2,,,,0,,0,,0,,0
SO011001,Maandelijkse mon koper/zilverinstallatie 7 mons ,KLHS01513,01.03.005.01 Nieuwehagen (HW),Gervenstraat 2,S HERTOGENBOSCH,5211 PD,,KLHS01513,BrabantWonen,5340 AD,OSS,2019-02-22 00:00:00.000,1754-01-01 12:55:41.680,2019-02-25 00:00:00.000,1.69,2019-03-25 00:00:00.000,NTD1\OOMEL1,RE000012,SCHS02088,A6MF1J,SLHS09696,0,4,SO008578,0,2019-02-22 00:00:00.000,NTD1\OOMEL1,RE019564,0,,,0,0,2,,,,0,,0,,0,,0
SO013088,Maandelijkse mon koper/zilverinstallatie 8 mons ,KLHS01513,01.03.005.01 Nieuwehagen (HW),Gervenstraat 2,S HERTOGENBOSCH,5211 PD,,KLHS01513,BrabantWonen,5340 AD,OSS,2019-03-22 00:00:00.000,1754-01-01 09:36:03.963,2019-03-27 00:00:00.000,1.86,2019-07-25 00:00:00.000,NTD1\OOMEL1,RE000012,SCHS02088,A6MF1J,SLHS09696,0,4,SO008578,0,2019-03-22 00:00:00.000,NTD1\OOMEL1,RE019564,0,,,0,0,2,,,,0,,0,,0,,0
SO017083,Maandelijkse mon koper/zilverinstallatie 2 mons ,KLHS01513,01.03.005.01 Nieuwehagen (HW),Gervenstraat 2,S HERTOGENBOSCH,5211 PD,,KLHS01513,BrabantWonen,5340 AD,OSS,2019-05-16 00:00:00.000,1754-01-01 07:59:10.403,2019-05-22 00:00:00.000,0.84,2019-07-25 00:00:00.000,NTD1\OOMEL1,RE000012,SCHS02088,A6MF1J,SLHS09696,0,4,SO017083,1,2019-05-16 00:00:00.000,NTD1\OOMEL1,RE019564,0,,,0,0,2,,,,0,,0,,0,,0
SO017673,Melding ILT 7-6,KLHS01513,01.03.005.01 Nieuwehagen (HW),Gervenstraat 2,S HERTOGENBOSCH,5211 PD,,KLHS01513,BrabantWonen,5340 AD,OSS,2019-06-07 00:00:00.000,1754-01-01 07:22:46.133,2019-06-07 00:00:00.000,0.25,2019-07-25 00:00:00.000,NTD1\OOMEL1,RE000012,SCHS02088,A6MF1J,SLHS09696,0,4,SO017673,1,2019-06-07 00:00:00.000,NTD1\OOMEL1,RE000012,0,,,0,0,2,,,,0,,0,,0,,0
SO017839,Maandelijkse mon koper/zilver 8 mon + 1 extra mon,KLHS01513,01.03.005.01 Nieuwehagen (HW),Gervenstraat 2,S HERTOGENBOSCH,5211 PD,,KLHS01513,BrabantWonen,5340 AD,OSS,2019-06-14 00:00:00.000,1754-01-01 13:47:36.960,2019-06-26 00:00:00.000,2.03,2019-07-25 00:00:00.000,NTD1\OOMEL1,RE000012,SCHS02088,A6MF1J,SLHS09696,0,4,SO017839,1,2019-06-14 00:00:00.000,NTD1\OOMEL1,RE019564,0,,,0,0,2,,,,0,,0,,0,,0
SO018868,Melding ILT 11-7,KLHS01513,01.03.005.01 Nieuwehagen (HW),Gervenstraat 2,S HERTOGENBOSCH,5211 PD,,KLHS01513,BrabantWonen,5340 AD,OSS,2019-07-11 00:00:00.000,1754-01-01 08:56:25.477,2019-07-11 00:00:00.000,0.25,2019-08-16 00:00:00.000,NTD1\OOMEL1,RE000012,SCHS02088,A6MF1J,SLHS09696,0,4,SO018868,1,2019-07-11 00:00:00.000,NTD1\OOMEL1,RE000012,0,,,0,0,2,,,,0,,0,,0,,0
SO020437,Melding ILT 3-8,KLHS01513,01.03.005.01 Nieuwehagen (HW),Gervenstraat 2,S HERTOGENBOSCH,5211 PD,,KLHS01513,BrabantWonen,5340 AD,OSS,2019-08-03 00:00:00.000,1754-01-01 04:37:40.057,2019-08-03 00:00:00.000,0.25,2019-08-05 00:00:00.000,NTD1\OOMEL1,RE000012,SCHS02088,A6MF1J,SLHS09696,0,3,SO020437,1,2019-08-03 00:00:00.000,NTD1\OOMEL1,RE000012,0,,,0,0,2,,,,0,,0,,0,,0
SO020509,Extra mon 1 monster,KLHS01513,01.03.005.01 Nieuwehagen (HW),Gervenstraat 2,S HERTOGENBOSCH,5211 PD,,KLHS01513,BrabantWonen,5340 AD,OSS,2019-08-07 00:00:00.000,1754-01-01 13:21:07.283,2019-08-12 00:00:00.000,0.67,2019-08-22 00:00:00.000,NTD1\SHAREPOINT_4PS,RE000012,SCHS02088,A6MF1J,SLHS09696,0,3,SO020509,1,2019-08-07 00:00:00.000,NTD1\OOMEL1,RE019564,0,,,0,0,2,,,,0,,0,,0,,0
SO020680,Maandelijkse mon koper/zilverinstallatie 2 mons ,KLHS01513,01.03.005.01 Nieuwehagen (HW),Gervenstraat 2,S HERTOGENBOSCH,5211 PD,,KLHS01513,BrabantWonen,5340 AD,OSS,2019-08-13 00:00:00.000,1754-01-01 06:48:24.993,2019-08-26 00:00:00.000,0.84,2019-08-30 00:00:00.000,NTD1\SHAREPOINT_4PS,RE000012,SCHS02088,A6MF1J,SLHS09696,0,3,SO020680,1,2019-08-13 00:00:00.000,NTD1\OOMEL1,RE000018,0,,,0,0,2,,,,0,,0,,0,,0
SO021704,Maandelijkse mon koper/zilverinstallatie 7 mons ,KLHS01513,01.03.005.01 Nieuwehagen (HW),Gervenstraat 2,S HERTOGENBOSCH,5211 PD,,KLHS01513,BrabantWonen,5340 AD,OSS,2019-09-19 00:00:00.000,1754-01-01 09:40:42.270,2019-09-25 00:00:00.000,1.69,2019-10-14 00:00:00.000,NTD1\SHAREPOINT_4PS,RE000012,SCHS02088,A6MF1J,SLHS09696,0,3,SO021704,1,2019-09-19 00:00:00.000,NTD1\OOMEL1,RE019564,0,,,0,0,2,,,,0,,0,,0,,0
SOHS62217,Hol 4 monsters koper-zilverionisatie,KLHS01513,Complex 40.013 Noorderkroon (HW),Manis Krijgsmanhof 71,S HERTOGENBOSCH,5233 BR,,KLHS01513,BrabantWonen,5340 AD,OSS,2016-01-26 00:00:00.000,1754-01-01 13:36:45.887,2016-01-27 00:00:00.000,0.0,2018-10-08 00:00:00.000,NTD1\OOMEL1,RE000012,SCHS02088,A6MF1J,SLHS09697,6,4,SOHS62217,1,2016-01-26 00:00:00.000,OOMEL1,RE000018,0,,,0,0,71,,,,0,,0,,0,,0
SOHS62222,Hol 4 monsters koper-zilverionisatie,KLHS01513,01.03.004.01 Noorderkroon (HW),Manis Krijgsmanhof 71,S HERTOGENBOSCH,5233 BR,,KLHS01513,BrabantWonen,5340 AD,OSS,2016-01-26 00:00:00.000,1754-01-01 13:23:05.103,2016-02-25 00:00:00.000,0.0,2018-10-08 00:00:00.000,NTD1\OOMEL1,RE000012,SCHS02088,A6MF1J,SLHS09697,6,4,SOHS62222,1,2016-01-26 00:00:00.000,OOMEL1,RE000018,0,,,0,0,71,,,,0,,0,,0,,0
SOHS64400,Jaarl ctb BA,KLHS01513,01.03.004.01 Noorderkroon (HW),Manis Krijgsmanhof 71,S HERTOGENBOSCH,5233 BR,,KLHS01513,BrabantWonen,5340 AD,OSS,2016-02-25 00:00:00.000,1754-01-01 09:20:34.630,2016-02-29 00:00:00.000,0.0,2018-10-08 00:00:00.000,NTD1\OOMEL1,RE000012,SCHS02088,A6MF1J,SLHS09697,6,4,SOHS64400,1,2016-02-25 00:00:00.000,OOMEL1,RE000033,0,,,0,0,71,,,,0,,0,,0,,0
SOHS64403,Jaarl mp IIIC,KLHS01513,01.03.004.01 Noorderkroon (HW),Manis Krijgsmanhof 71,S HERTOGENBOSCH,5233 BR,,KLHS01513,BrabantWonen,5340 AD,OSS,2016-02-25 00:00:00.000,1754-01-01 09:11:19.843,2016-03-02 00:00:00.000,0.0,2018-10-08 00:00:00.000,NTD1\OOMEL1,RE000012,SCHS02088,A6MF1J,SLHS09697,6,4,SOHS64403,1,2016-02-25 00:00:00.000,OOMEL1,RE000018,0,,,0,0,71,,,,0,,0,,0,,0
SOHS64404,Begeleiden controle Brabant Water,KLHS01513,01.03.004.01 Noorderkroon (HW),Manis Krijgsmanhof 71,S HERTOGENBOSCH,5233 BR,,KLHS01513,BrabantWonen,5340 AD,OSS,2016-02-25 00:00:00.000,1754-01-01 09:09:10.290,2016-03-02 00:00:00.000,0.0,2018-10-08 00:00:00.000,NTD1\OOMEL1,RE000012,SCHS02088,A6MF1J,SLHS09697,6,4,SOHS64404,1,2016-02-25 00:00:00.000,OOMEL1,RE000018,0,,,0,0,71,,,,0,,0,,0,,0
SOHS65248,Halfj koper/zilver,KLHS01513,01.03.004.01 Noorderkroon (HW),Manis Krijgsmanhof 71,S HERTOGENBOSCH,5233 BR,,KLHS01513,BrabantWonen,5340 AD,OSS,2016-03-02 00:00:00.000,1754-01-01 06:09:43.440,2016-07-01 00:00:00.000,0.52,2018-10-08 00:00:00.000,NTD1\OOMEL1,RE000012,SCHS02088,A6MF1J,SLHS09697,6,4,SOHS65248,1,2016-03-02 00:00:00.000,OOMEL1,RE000018,0,,15.0,0,0,71,,,,0,,0,,0,,0
SOHS65249,Halfj mon,KLHS01513,01.03.004.01 Noorderkroon (HW),Manis Krijgsmanhof 71,S HERTOGENBOSCH,5233 BR,,KLHS01513,BrabantWonen,5340 AD,OSS,2016-03-02 00:00:00.000,1754-01-01 06:09:42.840,2016-04-01 00:00:00.000,0.78,2018-10-08 00:00:00.000,NTD1\OOMEL1,RE000012,SCHS02088,A6MF1J,SLHS09697,6,4,SOHS65249,1,2016-03-02 00:00:00.000,OOMEL1,RE000018,0,,1.0,0,0,71,,,,0,,0,,0,,0
SOHS65250,Halfj mon,KLHS01513,01.03.004.01 Noorderkroon (HW),Manis Krijgsmanhof 71,S HERTOGENBOSCH,5233 BR,,KLHS01513,BrabantWonen,5340 AD,OSS,2016-03-02 00:00:00.000,1754-01-01 06:09:42.157,2016-10-01 00:00:00.000,0.78,2018-10-08 00:00:00.000,NTD1\OOMEL1,RE000012,SCHS02088,A6MF1J,SLHS09697,6,4,SOHS65250,1,2016-03-02 00:00:00.000,OOMEL1,RE000018,0,,1.0,0,0,71,,,,0,,0,,0,,0
SOHS65251,Jaarl ctb,KLHS01513,01.03.004.01 Noorderkroon (HW),Manis Krijgsmanhof 71,S HERTOGENBOSCH,5233 BR,,KLHS01513,BrabantWonen,5340 AD,OSS,2016-03-02 00:00:00.000,1754-01-01 06:09:41.787,2016-03-02 00:00:00.000,4.25,2018-10-08 00:00:00.000,NTD1\OOMEL1,RE000012,SCHS02088,A6MF1J,SLHS09697,6,4,SOHS65251,1,2016-03-02 00:00:00.000,OOMEL1,RE019564,0,,3.0,0,0,71,,,,0,,0,,0,,0
SOHS65252,Jaarl ctb ba,KLHS01513,01.03.004.01 Noorderkroon (HW),Manis Krijgsmanhof 71,S HERTOGENBOSCH,5233 BR,,KLHS01513,BrabantWonen,5340 AD,OSS,2016-03-02 00:00:00.000,1754-01-01 06:09:41.580,2016-03-02 00:00:00.000,0.13,2018-10-08 00:00:00.000,NTD1\KANTK1,RE000012,SCHS02088,A6MF1J,SLHS09697,6,6,SOHS65252,1,2016-03-02 00:00:00.000,OOMEL1,RE019564,0,,8.0,0,0,71,,,,0,,0,,0,,0
SOHS65253,Jaarl mp IIIc,KLHS01513,01.03.004.01 Noorderkroon (HW),Manis Krijgsmanhof 71,S HERTOGENBOSCH,5233 BR,,KLHS01513,BrabantWonen,5340 AD,OSS,2016-03-02 00:00:00.000,1754-01-01 06:09:41.423,2016-04-01 00:00:00.000,0.13,2018-10-08 00:00:00.000,NTD1\KANTK1,RE000012,SCHS02088,A6MF1J,SLHS09697,6,6,SOHS65253,1,2016-03-02 00:00:00.000,OOMEL1,RE000018,0,,6.0,0,0,71,,,,0,,0,,0,,0
SOHS65618,Melding ILT,KLHS01513,01.03.004.01 Noorderkroon (HW),Manis Krijgsmanhof 71,S HERTOGENBOSCH,5233 BR,,KLHS01513,BrabantWonen,5340 AD,OSS,2016-03-07 00:00:00.000,1754-01-01 07:24:34.137,2016-03-07 00:00:00.000,1.0,2018-10-08 00:00:00.000,NTD1\OOMEL1,RE000012,SCHS02088,A6MF1J,SLHS09697,6,4,SOHS65618,1,2016-03-07 00:00:00.000,OOMEL1,RE000018,0,,,0,0,71,,,,0,,0,,0,,0
SOHS66968,Mon 4 monsters koper-zilverionisatie,KLHS01513,01.03.004.01 Noorderkroon (HW),Manis Krijgsmanhof 71,S HERTOGENBOSCH,5233 BR,,KLHS01513,BrabantWonen,5340 AD,OSS,2016-03-14 00:00:00.000,1754-01-01 09:28:41.910,2016-03-23 00:00:00.000,0.0,2018-10-08 00:00:00.000,NTD1\OOMEL1,RE000012,SCHS02088,A6MF1J,SLHS09697,6,4,SOHS66968,1,2016-03-14 00:00:00.000,OOMEL1,RE000018,0,,,0,0,71,,,,0,,0,,0,,0
SOHS77152,2x per week spoelen week 8,KLHS01513,01.03.005.01 Nieuwehagen (HW),Gervenstraat  2,S HERTOGENBOSCH,5211 PD,,KLHS01513,BrabantWonen,5340 AD,OSS,2016-12-14 00:00:00.000,1754-01-01 06:00:02.470,2017-02-20 00:00:00.000,4.0,2018-10-08 00:00:00.000,NTD1\OOMEL1,RE000012,SCHS02088,A6MF1J,SLHS09696,6,4,SOHS77152,1,2016-12-14 00:00:00.000,NTD1\OOMEL1,RE003223,0,,,0,0,2,,,,0,,0,,0,,0
SOHS77153,2x per week spoelen week 9,KLHS01513,01.03.005.01 Nieuwehagen (HW),Gervenstraat  2,S HERTOGENBOSCH,5211 PD,,KLHS01513,BrabantWonen,5340 AD,OSS,2016-12-14 00:00:00.000,1754-01-01 05:58:40.597,2017-02-27 00:00:00.000,4.0,2018-10-08 00:00:00.000,NTD1\OOMEL1,RE000012,SCHS02088,A6MF1J,SLHS09696,6,4,SOHS77153,1,2016-12-14 00:00:00.000,NTD1\OOMEL1,RE003223,0,,,0,0,2,,,,0,,0,,0,,0
SOHS77154,2x per week spoelen week 10,KLHS01513,01.03.005.01 Nieuwehagen (HW),Gervenstraat  2,S HERTOGENBOSCH,5211 PD,,KLHS01513,BrabantWonen,5340 AD,OSS,2016-12-14 00:00:00.000,1754-01-01 05:57:42.470,2017-03-06 00:00:00.000,4.0,2018-10-08 00:00:00.000,NTD1\OOMEL1,RE000012,SCHS02088,A6MF1J,SLHS09696,6,4,SOHS77154,1,2016-12-14 00:00:00.000,NTD1\OOMEL1,RE003223,0,,,0,0,2,,,,0,,0,,0,,0
SOHS77155,2x per week spoelen week 11,KLHS01513,01.03.005.01 Nieuwehagen (HW),Gervenstraat  2,S HERTOGENBOSCH,5211 PD,,KLHS01513,BrabantWonen,5340 AD,OSS,2016-12-14 00:00:00.000,1754-01-01 05:56:38.653,2017-03-13 00:00:00.000,4.0,2018-10-08 00:00:00.000,NTD1\OOMEL1,RE000012,SCHS02088,A6MF1J,SLHS09696,6,4,SOHS77155,1,2016-12-14 00:00:00.000,NTD1\OOMEL1,RE003223,0,,,0,0,2,,,,0,,0,,0,,0
SOHS77156,2x per week spoelen week 12,KLHS01513,01.03.005.01 Nieuwehagen (HW),Gervenstraat  2,S HERTOGENBOSCH,5211 PD,,KLHS01513,BrabantWonen,5340 AD,OSS,2016-12-14 00:00:00.000,1754-01-01 05:55:42.830,2017-03-20 00:00:00.000,4.0,2018-10-08 00:00:00.000,NTD1\OOMEL1,RE000012,SCHS02088,A6MF1J,SLHS09696,6,4,SOHS77156,1,2016-12-14 00:00:00.000,NTD1\OOMEL1,RE003223,0,,,0,0,2,,,,0,,0,,0,,0
SOHS77157,Mon koper-zilverionisatie na spoelprogramma,KLHS01513,01.03.005.01 Nieuwehagen (HW),Gervenstraat  2,S HERTOGENBOSCH,5211 PD,,KLHS01513,BrabantWonen,5340 AD,OSS,2016-12-14 00:00:00.000,1754-01-01 05:53:44.693,2017-03-27 00:00:00.000,1.0,2018-10-08 00:00:00.000,NTD1\OOMEL1,RE000012,SCHS02088,A6MF1J,SLHS09696,6,4,SOHS77157,1,2016-12-14 00:00:00.000,NTD1\OOMEL1,RE019564,0,,,0,0,2,,,,0,,0,,0,,0
SOHS78205,Melding ILT (10-1),KLHS01513,01.03.005.01 Nieuwehagen (HW),Gervenstraat  2,S HERTOGENBOSCH,5211 PD,,KLHS01513,BrabantWonen,5340 AD,OSS,2017-01-10 00:00:00.000,1754-01-01 03:46:58.630,2017-01-10 00:00:00.000,0.25,2018-10-08 00:00:00.000,NTD1\OOMEL1,RE000012,SCHS02088,A6MF1J,SLHS09696,6,4,SOHS78205,1,2017-01-10 00:00:00.000,NTD1\OOMEL1,RE000012,0,,,0,0,2,,,,0,,0,,0,,0
SOHS79316,Halfj koper/zilver,KLHS01513,01.03.005.01 Nieuwehagen (HW),Gervenstraat  2,S HERTOGENBOSCH,5211 PD,,KLHS01513,BrabantWonen,5340 AD,OSS,2017-01-23 00:00:00.000,1754-01-01 03:29:38.423,2017-01-23 00:00:00.000,0.52,2018-10-08 00:00:00.000,NTD1\OOMEL1,RE000012,SCHS02088,A6MF1J,SLHS09696,6,4,SOHS79316,1,2017-01-23 00:00:00.000,NTD1\OOMEL1,RE019564,0,,15.0,0,0,2,,,,0,,0,,0,,0
SOHS79326,Halfj koper/zilver,KLHS01513,01.03.005.01 Nieuwehagen (HW),Gervenstraat  2,S HERTOGENBOSCH,5211 PD,,KLHS01513,BrabantWonen,5340 AD,OSS,2017-01-23 00:00:00.000,1754-01-01 03:29:35.523,2017-07-01 00:00:00.000,0.52,2018-10-08 00:00:00.000,NTD1\OOMEL1,RE000012,SCHS02088,A6MF1J,SLHS09696,6,4,SOHS79326,1,2017-01-23 00:00:00.000,NTD1\OOMEL1,RE019564,0,,15.0,0,0,2,,,,0,,0,,0,,0
SOHS79362,Halfj mon,KLHS01513,01.03.005.01 Nieuwehagen (HW),Gervenstraat  2,S HERTOGENBOSCH,5211 PD,,KLHS01513,BrabantWonen,5340 AD,OSS,2017-01-25 00:00:00.000,1754-01-01 12:09:55.683,2017-04-01 00:00:00.000,1.3,2018-10-08 00:00:00.000,NTD1\OOMEL1,RE000012,SCHS02088,A6MF1J,SLHS09696,6,4,SOHS79362,1,2017-01-25 00:00:00.000,NTD1\OOMEL1,RE019564,0,,1.0,0,0,2,,,,0,,0,,0,,0
SOHS79363,Halfj mon,KLHS01513,01.03.005.01 Nieuwehagen (HW),Gervenstraat  2,S HERTOGENBOSCH,5211 PD,,KLHS01513,BrabantWonen,5340 AD,OSS,2017-01-25 00:00:00.000,1754-01-01 12:09:54.897,2017-10-01 00:00:00.000,1.3,2018-10-08 00:00:00.000,NTD1\OOMEL1,RE000012,SCHS02088,A6MF1J,SLHS09696,6,4,SOHS79363,1,2017-01-25 00:00:00.000,NTD1\OOMEL1,RE019564,0,,1.0,0,0,2,,,,0,,0,,0,,0
SOHS79364,Jaarl ctb,KLHS01513,01.03.005.01 Nieuwehagen (HW),Gervenstraat  2,S HERTOGENBOSCH,5211 PD,,KLHS01513,BrabantWonen,5340 AD,OSS,2017-01-25 00:00:00.000,1754-01-01 12:09:54.403,2017-03-01 00:00:00.000,9.0,2018-10-08 00:00:00.000,NTD1\OOMEL1,RE000012,SCHS02088,A6MF1J,SLHS09696,6,4,SOHS79364,1,2017-01-25 00:00:00.000,NTD1\OOMEL1,RE019564,0,,3.0,0,0,2,,,,0,,0,,0,,0
SOHS79365,Jaarl ctb ba,KLHS01513,01.03.005.01 Nieuwehagen (HW),Gervenstraat  2,S HERTOGENBOSCH,5211 PD,,KLHS01513,BrabantWonen,5340 AD,OSS,2017-01-25 00:00:00.000,1754-01-01 12:09:54.310,2017-03-01 00:00:00.000,0.3,2018-10-08 00:00:00.000,NTD1\OOMEL1,RE000012,SCHS02088,A6MF1J,SLHS09696,6,4,SOHS79365,1,2017-01-25 00:00:00.000,NTD1\OOMEL1,RE019564,0,,8.0,0,0,2,,,,0,,0,,0,,0
SOHS79366,Jaarl mp IIIc,KLHS01513,01.03.005.01 Nieuwehagen (HW),Gervenstraat  2,S HERTOGENBOSCH,5211 PD,,KLHS01513,BrabantWonen,5340 AD,OSS,2017-01-25 00:00:00.000,1754-01-01 12:09:54.233,2017-04-01 00:00:00.000,0.13,2018-10-08 00:00:00.000,NTD1\OOMEL1,RE000012,SCHS02088,A6MF1J,SLHS09696,6,4,SOHS79366,1,2017-01-25 00:00:00.000,NTD1\OOMEL1,RE019564,0,,6.0,0,0,2,,,,0,,0,,0,,0
SOHS79367,Jaarl thermometer,KLHS01513,01.03.005.01 Nieuwehagen (HW),Gervenstraat  2,S HERTOGENBOSCH,5211 PD,,KLHS01513,BrabantWonen,5340 AD,OSS,2017-01-25 00:00:00.000,1754-01-01 12:09:54.137,2017-04-01 00:00:00.000,0.13,2018-10-08 00:00:00.000,NTD1\OOMEL1,RE000012,SCHS02088,A6MF1J,SLHS09696,6,4,SOHS79367,1,2017-01-25 00:00:00.000,NTD1\OOMEL1,RE019564,0,,28.0,0,0,2,,,,0,,0,,0,,0
SOHS79661,Inventariseren terugstroombeveiligingen,KLHS01513,01.03.005.01 Nieuwehagen (HW),Gervenstraat  2,S HERTOGENBOSCH,5211 PD,,KLHS01513,BrabantWonen,5340 AD,OSS,2017-01-25 00:00:00.000,1754-01-01 09:50:17.850,2017-06-01 00:00:00.000,2.0,2018-10-08 00:00:00.000,NTD1\OOMEL1,RE000012,SCHS02088,A6MF1J,SLHS09696,6,4,SOHS79661,1,2017-01-25 00:00:00.000,NTD1\OOMEL1,RE019564,0,,,0,0,2,,,,0,,0,,0,,0
SOHS80025,Hol 1 monster na thermische reiniging,KLHS01513,01.03.005.01 Nieuwehagen (HW),Gervenstraat  2,S HERTOGENBOSCH,5211 PD,,KLHS01513,BrabantWonen,5340 AD,OSS,2017-02-02 00:00:00.000,1754-01-01 08:40:03.430,2017-02-03 00:00:00.000,0.5,2018-10-08 00:00:00.000,NTD1\OOMEL1,RE000012,SCHS02088,A6MF1J,SLHS09696,6,4,SOHS80025,1,2017-02-02 00:00:00.000,NTD1\OOMEL1,RE019564,0,,,0,0,2,,,,0,,0,,0,,0
SOHS81097,Maandelijkse mons koper/zilverionisatie 4 monsters,KLHS01513,01.03.005.01 Nieuwehagen (HW),Gervenstraat  2,S HERTOGENBOSCH,5211 PD,,KLHS01513,BrabantWonen,5340 AD,OSS,2017-02-15 00:00:00.000,1754-01-01 07:38:46.517,2017-02-22 00:00:00.000,1.25,2018-10-08 00:00:00.000,NTD1\OOMEL1,RE000012,SCHS02088,A6MF1J,SLHS09696,6,4,SOHS81097,1,2017-02-15 00:00:00.000,NTD1\OOMEL1,RE019564,0,,,0,0,2,,,,0,,0,,0,,0
SOHS83375,Maandelijkse mon koper/zilverinstallatie 4 mons,KLHS01513,01.03.005.01 Nieuwehagen (HW),Gervenstraat  2,S HERTOGENBOSCH,5211 PD,,KLHS01513,BrabantWonen,5340 AD,OSS,2017-03-23 00:00:00.000,1754-01-01 08:25:46.173,2017-03-23 00:00:00.000,1.25,2018-10-09 00:00:00.000,NTD1\BEEKB1,RE000012,SCHS02088,A6MF1J,SLHS09696,6,6,SOHS83375,1,2017-03-23 00:00:00.000,NTD1\OOMEL1,RE019564,0,,,0,0,2,,,,0,,0,,0,,0
SOHS84438,Maandelijkse mon koper/zilverionisatie 3 monsters,KLHS01513,01.03.005.01 Nieuwehagen (HW),Gervenstraat  2,S HERTOGENBOSCH,5211 PD,,KLHS01513,BrabantWonen,5340 AD,OSS,2017-04-21 00:00:00.000,1754-01-01 11:31:24.843,2017-04-24 00:00:00.000,0.75,2018-10-08 00:00:00.000,NTD1\OOMEL1,RE000012,SCHS02088,A6MF1J,SLHS09696,6,4,SOHS84438,1,2017-04-21 00:00:00.000,NTD1\OOMEL1,RE019564,0,,,0,0,2,,,,0,,0,,0,,0
SOHS85709,Maandelijkse mon koper/zilverionisatie 3 monsters,KLHS01513,01.03.005.01 Nieuwehagen (HW),Gervenstraat  2,S HERTOGENBOSCH,5211 PD,,KLHS01513,BrabantWonen,5340 AD,OSS,2017-05-17 00:00:00.000,1754-01-01 08:10:52.483,2017-05-24 00:00:00.000,0.75,2018-10-08 00:00:00.000,NTD1\OOMEL1,RE000012,SCHS02088,A6MF1J,SLHS09696,6,4,SOHS85709,1,2017-05-17 00:00:00.000,NTD1\OOMEL1,RE019564,0,,,0,0,2,,,,0,,0,,0,,0
SOHS86267,Melding ILT 29-5,KLHS01513,01.03.005.01 Nieuwehagen (HW),Gervenstraat  2,S HERTOGENBOSCH,5211 PD,,KLHS01513,BrabantWonen,5340 AD,OSS,2017-05-29 00:00:00.000,1754-01-01 08:24:50.030,2017-05-29 00:00:00.000,0.25,2018-10-08 00:00:00.000,NTD1\OOMEL1,RE000012,SCHS02088,A6MF1J,SLHS09696,6,4,SOHS86267,1,2017-05-29 00:00:00.000,NTD1\OOMEL1,RE000012,0,,,0,0,2,,,,0,,0,,0,,0
SOHS86402,Hol 2 monsters na thermische reiniging,KLHS01513,01.03.005.01 Nieuwehagen (HW),Gervenstraat  2,S HERTOGENBOSCH,5211 PD,,KLHS01513,BrabantWonen,5340 AD,OSS,2017-06-02 00:00:00.000,1754-01-01 07:10:42.403,2017-06-06 00:00:00.000,0.75,2018-10-08 00:00:00.000,NTD1\OOMEL1,RE000012,SCHS02088,A6MF1J,SLHS09696,6,4,SOHS86402,1,2017-06-02 00:00:00.000,NTD1\OOMEL1,RE019564,0,,,0,0,2,,,,0,,0,,0,,0
SOHS86701,Maandelijkse mon koper/zilverionisatie 4 monsters,KLHS01513,01.03.005.01 Nieuwehagen (HW),Gervenstraat  2,S HERTOGENBOSCH,5211 PD,,KLHS01513,BrabantWonen,5340 AD,OSS,2017-06-26 00:00:00.000,1754-01-01 07:46:42.387,2017-06-29 00:00:00.000,1.0,2018-10-08 00:00:00.000,NTD1\OOMEL1,RE000012,SCHS02088,A6MF1J,SLHS09696,6,4,SOHS86701,1,2017-06-26 00:00:00.000,NTD1\OOMEL1,RE019564,0,,,0,0,2,,,,0,,0,,0,,0
SOHS87052,Extra mon hardheid 1 monster,KLHS01513,01.03.005.01 Nieuwehagen (HW),Gervenstraat  2,S HERTOGENBOSCH,5211 PD,,KLHS01513,BrabantWonen,5340 AD,OSS,2017-07-10 00:00:00.000,1754-01-01 13:50:21.277,2017-07-19 00:00:00.000,0.25,2018-10-08 00:00:00.000,NTD1\OOMEL1,RE000012,SCHS02088,A6MF1J,SLHS09696,6,4,SOHS87052,1,2017-07-10 00:00:00.000,NTD1\OOMEL1,RE019564,0,,,0,0,2,,,,0,,0,,0,,0
SOHS87113,Hol 2 monsters na chemische reiniging,KLHS01513,01.03.005.01 Nieuwehagen (HW),Gervenstraat 2,S HERTOGENBOSCH,5211 PD,,KLHS01513,BrabantWonen,5340 AD,OSS,2017-07-10 00:00:00.000,1754-01-01 07:32:09.963,2017-07-11 00:00:00.000,0.5,2018-10-08 00:00:00.000,NTD1\OOMEL1,RE000012,SCHS02088,A6MF1J,SLHS09696,6,4,SOHS87113,1,2017-07-10 00:00:00.000,NTD1\OOMEL1,RE019564,0,,,0,0,2,,,,0,,0,,0,,0
SOHS88312,Maandelijkse mon koper/zilverinstal 3 mons + 1 hol,KLHS01513,01.03.005.01 Nieuwehagen (HW),Gervenstraat 2,S HERTOGENBOSCH,5211 PD,,KLHS01513,BrabantWonen,5340 AD,OSS,2017-08-21 00:00:00.000,1754-01-01 12:50:05.020,2017-08-22 00:00:00.000,1.2,2018-10-08 00:00:00.000,NTD1\OOMEL1,RE000012,SCHS02088,A6MF1J,SLHS09696,6,4,SOHS88312,1,2017-08-21 00:00:00.000,NTD1\OOMEL1,RE000018,0,,,0,0,2,,,,0,,0,,0,,0
SOHS88724,Maandelijkse mon koper/zilverinstallatie 2 mons ,KLHS01513,01.03.005.01 Nieuwehagen (HW),Gervenstraat 2,S HERTOGENBOSCH,5211 PD,,KLHS01513,BrabantWonen,5340 AD,OSS,2017-09-19 00:00:00.000,1754-01-01 12:06:09.043,2017-09-28 00:00:00.000,0.84,2018-10-08 00:00:00.000,NTD1\OOMEL1,RE000012,SCHS02088,A6MF1J,SLHS09696,6,4,SOHS88724,1,2017-09-19 00:00:00.000,NTD1\OOMEL1,RE019564,0,,,0,0,2,,,,0,,0,,0,,0
SOHS89142,Maandelijkse mon koper/zilverinstallatie 2 mons ,KLHS01513,01.03.005.01 Nieuwehagen (HW),Gervenstraat 2,S HERTOGENBOSCH,5211 PD,,KLHS01513,BrabantWonen,5340 AD,OSS,2017-10-23 00:00:00.000,1754-01-01 13:19:04.590,2017-10-23 00:00:00.000,0.84,2018-10-08 00:00:00.000,NTD1\OOMEL1,RE000012,SCHS02088,A6MF1J,SLHS09696,6,4,SOHS89142,1,2017-10-23 00:00:00.000,NTD1\OOMEL1,RE019564,0,,,0,0,2,,,,0,,0,,0,,0
SOHS93451,Halfj koper/zilver,KLHS01513,01.03.005.01 Nieuwehagen (HW),Gervenstraat 2,S HERTOGENBOSCH,5211 PD,,KLHS01513,BrabantWonen,5340 AD,OSS,2018-01-24 00:00:00.000,1754-01-01 12:02:11.173,2018-01-25 00:00:00.000,0.52,2018-10-08 00:00:00.000,NTD1\OOMEL1,RE000012,SCHS02088,A6MF1J,SLHS09696,6,4,SOHS93451,1,2018-01-24 00:00:00.000,NTD1\OOMEL1,RE019564,0,,15.0,0,0,2,,,,0,,0,,0,,0
SOHS93452,Halfj koper/zilver,KLHS01513,01.03.005.01 Nieuwehagen (HW),Gervenstraat 2,S HERTOGENBOSCH,5211 PD,,KLHS01513,BrabantWonen,5340 AD,OSS,2018-01-24 00:00:00.000,1754-01-01 12:02:10.470,2018-07-01 00:00:00.000,0.52,2018-10-08 00:00:00.000,NTD1\OOMEL1,RE000012,SCHS02088,A6MF1J,SLHS09696,6,4,SOHS93452,1,2018-01-24 00:00:00.000,NTD1\OOMEL1,RE019564,0,,15.0,0,0,2,,,,0,,0,,0,,0
SOHS93453,Halfj mon,KLHS01513,01.03.005.01 Nieuwehagen (HW),Gervenstraat 2,S HERTOGENBOSCH,5211 PD,,KLHS01513,BrabantWonen,5340 AD,OSS,2018-01-24 00:00:00.000,1754-01-01 12:02:10.220,2018-04-01 00:00:00.000,1.3,2018-10-08 00:00:00.000,NTD1\OOMEL1,RE000012,SCHS02088,A6MF1J,SLHS09696,6,4,SOHS93453,1,2018-01-24 00:00:00.000,NTD1\OOMEL1,RE019564,0,,1.0,0,0,2,,,,0,,0,,0,,0
SOHS93454,Halfj mon,KLHS01513,01.03.005.01 Nieuwehagen (HW),Gervenstraat 2,S HERTOGENBOSCH,5211 PD,,KLHS01513,BrabantWonen,5340 AD,OSS,2018-01-24 00:00:00.000,1754-01-01 12:02:09.920,2018-10-01 00:00:00.000,1.3,2019-01-11 00:00:00.000,NTD1\OOMEL1,RE000012,SCHS02088,A6MF1J,SLHS09696,6,4,SOHS93454,1,2018-01-24 00:00:00.000,NTD1\OOMEL1,RE019564,0,,1.0,0,0,2,,,,0,,0,,0,,0
SOHS93455,Jaarl ctb (1e controle),KLHS01513,01.03.005.01 Nieuwehagen (HW),Gervenstraat 2,S HERTOGENBOSCH,5211 PD,,KLHS01513,BrabantWonen,5340 AD,OSS,2018-01-24 00:00:00.000,1754-01-01 12:02:09.583,2018-03-01 00:00:00.000,31.2,2018-10-08 00:00:00.000,NTD1\OOMEL1,RE000012,SCHS02088,A6MF1J,SLHS09696,6,4,SOHS93455,1,2018-01-24 00:00:00.000,NTD1\OOMEL1,RE018235,0,,3.0,0,0,2,,,,0,,0,,0,,0
SOHS93456,Jaarl ba,KLHS01513,01.03.005.01 Nieuwehagen (HW),Gervenstraat 2,S HERTOGENBOSCH,5211 PD,,KLHS01513,BrabantWonen,5340 AD,OSS,2018-01-24 00:00:00.000,1754-01-01 12:02:09.507,2018-03-01 00:00:00.000,0.3,2018-10-08 00:00:00.000,NTD1\OOMEL1,RE000012,SCHS02088,A6MF1J,SLHS09696,6,4,SOHS93456,1,2018-01-24 00:00:00.000,NTD1\OOMEL1,RE018235,0,,8.0,0,0,2,,,,0,,0,,0,,0
SOHS93457,Jaarl mp IIIc,KLHS01513,01.03.005.01 Nieuwehagen (HW),Gervenstraat 2,S HERTOGENBOSCH,5211 PD,,KLHS01513,BrabantWonen,5340 AD,OSS,2018-01-24 00:00:00.000,1754-01-01 12:02:09.460,2018-04-01 00:00:00.000,0.13,2018-10-08 00:00:00.000,NTD1\OOMEL1,RE000012,SCHS02088,A6MF1J,SLHS09696,6,4,SOHS93457,1,2018-01-24 00:00:00.000,NTD1\OOMEL1,RE019564,0,,6.0,0,0,2,,,,0,,0,,0,,0
SOHS93458,Jaarl thermometer,KLHS01513,01.03.005.01 Nieuwehagen (HW),Gervenstraat 2,S HERTOGENBOSCH,5211 PD,,KLHS01513,BrabantWonen,5340 AD,OSS,2018-01-24 00:00:00.000,1754-01-01 12:02:09.397,2018-04-01 00:00:00.000,0.13,2018-10-08 00:00:00.000,NTD1\OOMEL1,RE000012,SCHS02088,A6MF1J,SLHS09696,6,4,SOHS93458,1,2018-01-24 00:00:00.000,NTD1\OOMEL1,RE019564,0,,28.0,0,0,2,,,,0,,0,,0,,0
SOHS93459,Controle sensoren Privasysteem 1x per 3 jaar,KLHS01513,01.03.005.01 Nieuwehagen (HW),Gervenstraat 2,S HERTOGENBOSCH,5211 PD,,KLHS01513,BrabantWonen,5340 AD,OSS,2018-01-24 00:00:00.000,1754-01-01 12:02:09.350,2018-08-01 00:00:00.000,0.5,2018-12-01 00:00:00.000,NTD1\OOMEL1,RE000012,SCHS02088,A6MF1J,SLHS09696,6,4,SOHS93459,1,2018-01-24 00:00:00.000,NTD1\OOMEL1,RE022477,0,,79.0,0,0,2,,,,0,,0,,0,,0
SOHS94129,Ral + bpl + NEN 1006 + tapp + bestekverslag,KLHS01513,01.03.005.01 Nieuwehagen (HW),Gervenstraat 2,S HERTOGENBOSCH,5211 PD,,KLHS01513,BrabantWonen,5340 AD,OSS,2018-02-05 00:00:00.000,1754-01-01 08:24:05.990,2018-02-05 00:00:00.000,32.0,2018-10-08 00:00:00.000,NTD1\OOMEL1,RE000012,SCHS02088,A6MF1J,SLHS09696,6,4,SOHS94129,1,2018-02-05 00:00:00.000,NTD1\OOMEL1,RE000018,0,,,0,0,2,,,,0,,0,,0,,0
SOHS95261,Maandelijkse mon koper/zilverinstallatie 2 mons ,KLHS01513,01.03.005.01 Nieuwehagen (HW),Gervenstraat 2,S HERTOGENBOSCH,5211 PD,,KLHS01513,BrabantWonen,5340 AD,OSS,2018-02-21 00:00:00.000,1754-01-01 11:22:33.647,2018-02-23 00:00:00.000,0.84,2018-10-08 00:00:00.000,NTD1\OOMEL1,RE000012,SCHS02088,A6MF1J,SLHS09696,6,4,SOHS95261,1,2018-02-21 00:00:00.000,NTD1\OOMEL1,RE019564,0,,,0,0,2,,,,0,,0,,0,,0
SOHS98467,Kwartaal mon koper/zilverinstallatie 4 mons ,KLHS01513,01.03.005.01 Nieuwehagen (HW),Gervenstraat 2,S HERTOGENBOSCH,5211 PD,,KLHS01513,BrabantWonen,5340 AD,OSS,2018-04-25 00:00:00.000,1754-01-01 08:00:58.733,2018-04-30 00:00:00.000,1.18,2018-10-08 00:00:00.000,NTD1\OOMEL1,RE000012,SCHS02088,A6MF1J,SLHS09696,6,4,SOHS98467,1,2018-04-25 00:00:00.000,NTD1\OOMEL1,RE019564,0,,,0,0,2,,,,0,,0,,0,,0
SOHS99614,Maandelijkse mon koper/zilverinstallatie 2 mons ,KLHS01513,01.03.005.01 Nieuwehagen (HW),Gervenstraat 2,S HERTOGENBOSCH,5211 PD,,KLHS01513,BrabantWonen,5340 AD,OSS,2018-05-25 00:00:00.000,1754-01-01 12:46:41.120,2018-05-28 00:00:00.000,0.84,2018-10-08 00:00:00.000,NTD1\OOMEL1,RE000012,SCHS02088,A6MF1J,SLHS09696,6,4,SOHS99614,1,2018-05-25 00:00:00.000,NTD1\OOMEL1,RE019564,0,,,0,0,2,,,,0,,0,,0,,0
SO003208,Maandelijkse mon koper/zilverinstallatie 3 mons ,KLHS01513,01.03.004.01 Noorderkroon (HW),Manis Krijgsmanhof 71,S HERTOGENBOSCH,5233 BR,,KLHS01513,BrabantWonen,5340 AD,OSS,2018-08-16 00:00:00.000,1754-01-01 11:30:05.247,2018-08-29 00:00:00.000,1.01,2019-01-11 00:00:00.000,NTD1\OOMEL1,RE000012,SCHS02088,A6MF1J,SLHS09697,6,4,SO003208,1,2018-08-16 00:00:00.000,NTD1\OOMEL1,RE019564,0,,,0,0,71,,,,0,,0,,0,,0
SO003567,Maandelijkse mon koper/zilverinstallatie 3 mons ,KLHS01513,01.03.004.01 Noorderkroon (HW),Manis Krijgsmanhof 71,S HERTOGENBOSCH,5233 BR,,KLHS01513,BrabantWonen,5340 AD,OSS,2018-09-10 00:00:00.000,1754-01-01 07:21:24.363,2018-09-26 00:00:00.000,1.01,2019-01-11 00:00:00.000,NTD1\OOMEL1,RE000012,SCHS02088,A6MF1J,SLHS09697,6,4,SO003567,1,2018-09-10 00:00:00.000,NTD1\OOMEL1,RE019564,0,,,0,0,71,,,,0,,0,,0,,0
SO005038,Maandelijkse mon koper/zilverinstal 3 mons + 1 mon,KLHS01513,01.03.004.01 Noorderkroon (HW),Manis Krijgsmanhof 71,S HERTOGENBOSCH,5233 BR,,KLHS01513,BrabantWonen,5340 AD,OSS,2018-10-26 00:00:00.000,1754-01-01 07:42:30.123,2018-10-31 00:00:00.000,1.18,2018-10-29 00:00:00.000,NTD1\OOMEL1,RE000012,SCHS02088,A6MF1J,SLHS09697,0,6,SO005038,1,2018-10-26 00:00:00.000,NTD1\OOMEL1,RE019564,0,,,0,0,71,,,,0,,0,,0,,0
SO006087,Maandelijkse mon koper/zilver 2 mon + hol 3 mon,KLHS01513,01.03.004.01 Noorderkroon (HW),Manis Krijgsmanhof 71,S HERTOGENBOSCH,5233 BR,,KLHS01513,BrabantWonen,5340 AD,OSS,2018-11-20 00:00:00.000,1754-01-01 09:32:18.080,2018-11-22 00:00:00.000,1.35,2019-01-11 00:00:00.000,NTD1\OOMEL1,RE000012,SCHS02088,A6MF1J,SLHS09697,0,4,SO006087,1,2018-11-20 00:00:00.000,NTD1\OOMEL1,RE019564,0,,,0,0,71,,,,0,,0,,0,,0
SO006712,Maandelijkse mon koper/zilver 2 mon + hol 3 mon,KLHS01513,01.03.004.01 Noorderkroon (HW),Manis Krijgsmanhof 71,S HERTOGENBOSCH,5233 BR,,KLHS01513,BrabantWonen,5340 AD,OSS,2018-12-10 00:00:00.000,1754-01-01 07:04:26.663,2018-12-12 00:00:00.000,1.35,2019-01-11 00:00:00.000,NTD1\OOMEL1,RE000012,SCHS02088,A6MF1J,SLHS09697,0,4,SO006712,1,2018-12-10 00:00:00.000,NTD1\OOMEL1,RE019564,0,,,0,0,71,,,,0,,0,,0,,0
SO008550,Halfj koper/zilver,KLHS01513,01.03.004.01 Noorderkroon (HW),Manis Krijgsmanhof 71,S HERTOGENBOSCH,5233 BR,,KLHS01513,BrabantWonen,5340 AD,OSS,2019-01-25 00:00:00.000,1754-01-01 14:59:45.977,2019-01-25 00:00:00.000,1.7,2019-03-25 00:00:00.000,NTD1\OOMEL1,RE000012,SCHS02088,A6MF1J,SLHS09697,0,4,SO008550,1,2019-01-25 00:00:00.000,NTD1\OOMEL1,RE019564,0,,,0,0,71,,,,0,,0,,0,,0
SO008642,Jaarl ctb,KLHS01513,01.03.004.01 Noorderkroon (HW),Manis Krijgsmanhof 71,S HERTOGENBOSCH,5233 BR,,KLHS01513,BrabantWonen,5340 AD,OSS,2019-01-28 00:00:00.000,1754-01-01 14:41:50.727,2019-03-01 00:00:00.000,57.3,2019-07-25 00:00:00.000,NTD1\OOMEL1,RE000012,SCHS02088,A6MF1J,SLHS09697,0,4,SO008642,1,2019-01-28 00:00:00.000,NTD1\OOMEL1,RE018235,0,,3.0,0,0,71,,,,0,,0,,0,,0
SO008643,Jaarl ba,KLHS01513,01.03.004.01 Noorderkroon (HW),Manis Krijgsmanhof 71,S HERTOGENBOSCH,5233 BR,,KLHS01513,BrabantWonen,5340 AD,OSS,2019-01-28 00:00:00.000,1754-01-01 14:41:50.633,2019-03-01 00:00:00.000,0.6,2019-07-25 00:00:00.000,NTD1\OOMEL1,RE000012,SCHS02088,A6MF1J,SLHS09697,0,4,SO008643,1,2019-01-28 00:00:00.000,NTD1\OOMEL1,RE018235,0,,8.0,0,0,71,,,,0,,0,,0,,0
SO008719,Halfj mon / maand. koper/zilver 6 monsters,KLHS01513,01.03.004.01 Noorderkroon (HW),Manis Krijgsmanhof 71,S HERTOGENBOSCH,5233 BR,,KLHS01513,BrabantWonen,5340 AD,OSS,2019-01-28 00:00:00.000,1754-01-01 14:41:39.973,2019-04-01 00:00:00.000,1.17,2019-07-25 00:00:00.000,NTD1\OOMEL1,RE000012,SCHS02088,A6MF1J,SLHS09697,0,4,SO008719,1,2019-01-28 00:00:00.000,NTD1\OOMEL1,RE019564,0,,1.0,0,0,71,,,,0,,0,,0,,0
SO008720,Halfj koper/zilver,KLHS01513,01.03.004.01 Noorderkroon (HW),Manis Krijgsmanhof 71,S HERTOGENBOSCH,5233 BR,,KLHS01513,BrabantWonen,5340 AD,OSS,2019-01-28 00:00:00.000,1754-01-01 14:41:39.610,2019-04-01 00:00:00.000,0.13,2019-01-28 00:00:00.000,NTD1\OOMEL1,RE000012,SCHS02088,A6MF1J,SLHS09697,0,6,SO008720,1,2019-01-28 00:00:00.000,NTD1\OOMEL1,RE019564,0,,15.0,0,0,71,,,,0,,0,,0,,0
SO008721,Jaarl mp IIIc,KLHS01513,01.03.004.01 Noorderkroon (HW),Manis Krijgsmanhof 71,S HERTOGENBOSCH,5233 BR,,KLHS01513,BrabantWonen,5340 AD,OSS,2019-01-28 00:00:00.000,1754-01-01 14:41:39.440,2019-04-01 00:00:00.000,0.26,2019-07-25 00:00:00.000,NTD1\OOMEL1,RE000012,SCHS02088,A6MF1J,SLHS09697,0,4,SO008721,1,2019-01-28 00:00:00.000,NTD1\OOMEL1,RE019564,0,,6.0,0,0,71,,,,0,,0,,0,,0
SO008789,Jaarl thermometer,KLHS01513,01.03.004.01 Noorderkroon (HW),Manis Krijgsmanhof 71,S HERTOGENBOSCH,5233 BR,,KLHS01513,BrabantWonen,5340 AD,OSS,2019-01-28 00:00:00.000,1754-01-01 14:41:24.443,2019-04-01 00:00:00.000,0.13,2019-08-16 00:00:00.000,NTD1\OOMEL1,RE000012,SCHS02088,A6MF1J,SLHS09697,0,4,SO008789,1,2019-01-28 00:00:00.000,NTD1\OOMEL1,RE019564,0,,28.0,0,0,71,,,,0,,0,,0,,0
SO008844,Halfj koper/zilver + 2 hol,KLHS01513,01.03.004.01 Noorderkroon (HW),Manis Krijgsmanhof 71,S HERTOGENBOSCH,5233 BR,,KLHS01513,BrabantWonen,5340 AD,OSS,2019-01-28 00:00:00.000,1754-01-01 14:41:15.740,2019-07-01 00:00:00.000,1.17,2019-08-16 00:00:00.000,NTD1\OOMEL1,RE000012,SCHS02088,A6MF1J,SLHS09697,0,4,SO008844,1,2019-01-28 00:00:00.000,NTD1\OOMEL1,RE019564,0,,15.0,0,0,71,,,,0,,0,,0,,0
SO008845,Halfj mon,KLHS01513,01.03.004.01 Noorderkroon (HW),Manis Krijgsmanhof 71,S HERTOGENBOSCH,5233 BR,,KLHS01513,BrabantWonen,5340 AD,OSS,2019-01-28 00:00:00.000,1754-01-01 14:41:15.380,2019-07-01 00:00:00.000,0.13,2019-01-28 00:00:00.000,NTD1\OOMEL1,RE000012,SCHS02088,A6MF1J,SLHS09697,0,6,SO008845,1,2019-01-28 00:00:00.000,NTD1\OOMEL1,RE019564,0,,1.0,0,0,71,,,,0,,0,,0,,0
SO008867,Halfj mon / maand. koper/zilver 7 monsters,KLHS01513,01.03.004.01 Noorderkroon (HW),Manis Krijgsmanhof 71,S HERTOGENBOSCH,5233 BR,,KLHS01513,BrabantWonen,5340 AD,OSS,2019-01-28 00:00:00.000,1754-01-01 14:41:08.653,2019-10-01 00:00:00.000,1.17,2019-10-16 00:00:00.000,NTD1\OOMEL1,RE000012,SCHS02088,A6MF1J,SLHS09697,0,2,SO008867,1,2019-01-28 00:00:00.000,NTD1\OOMEL1,RE019564,0,,1.0,0,0,71,,,,0,,0,,0,,0
SO008868,Halfj koper/zilver,KLHS01513,01.03.004.01 Noorderkroon (HW),Manis Krijgsmanhof 71,S HERTOGENBOSCH,5233 BR,,KLHS01513,BrabantWonen,5340 AD,OSS,2019-01-28 00:00:00.000,1754-01-01 14:41:08.320,2019-10-01 00:00:00.000,0.13,2019-01-28 00:00:00.000,NTD1\OOMEL1,RE000012,SCHS02088,A6MF1J,SLHS09697,0,6,SO008868,1,2019-01-28 00:00:00.000,NTD1\OOMEL1,RE019564,0,,15.0,0,0,71,,,,0,,0,,0,,0
SO009415,Melding ILT 6-2,KLHS01513,01.03.004.01 Noorderkroon (HW),Manis Krijgsmanhof 71,S HERTOGENBOSCH,5233 BR,,KLHS01513,BrabantWonen,5340 AD,OSS,2019-02-06 00:00:00.000,1754-01-01 14:26:13.060,2019-02-06 00:00:00.000,0.25,2019-03-25 00:00:00.000,NTD1\OOMEL1,RE000012,SCHS02088,A6MF1J,SLHS09697,0,4,SO009415,1,2019-02-06 00:00:00.000,NTD1\OOMEL1,RE000012,0,,,0,0,71,,,,0,,0,,0,,0
SO011003,Maandelijkse mon koper/zilverinstallatie 10 mons,KLHS01513,01.03.004.01 Noorderkroon (HW),Manis Krijgsmanhof 71,S HERTOGENBOSCH,5233 BR,,KLHS01513,BrabantWonen,5340 AD,OSS,2019-02-22 00:00:00.000,1754-01-01 12:36:54.647,2019-02-25 00:00:00.000,2.2,2019-03-25 00:00:00.000,NTD1\OOMEL1,RE000012,SCHS02088,A6MF1J,SLHS09697,0,4,SO008550,0,2019-02-22 00:00:00.000,NTD1\OOMEL1,RE019564,0,,,0,0,71,,,,0,,0,,0,,0
SO012005,Melding ILT 8-3,KLHS01513,01.03.004.01 Noorderkroon (HW),Manis Krijgsmanhof 71,S HERTOGENBOSCH,5233 BR,,KLHS01513,BrabantWonen,5340 AD,OSS,2019-03-11 00:00:00.000,1754-01-01 07:49:59.963,2019-03-08 00:00:00.000,0.25,2019-07-25 00:00:00.000,NTD1\OOMEL1,RE000012,SCHS02088,A6MF1J,SLHS09697,0,4,SO012005,1,2019-03-11 00:00:00.000,NTD1\OOMEL1,RE019564,0,,,0,0,71,,,,0,,0,,0,,0
SO013143,Maandelijkse mon koper/zilverinstallatie 10 mons,KLHS01513,01.03.004.01 Noorderkroon (HW),Manis Krijgsmanhof 71,S HERTOGENBOSCH,5233 BR,,KLHS01513,BrabantWonen,5340 AD,OSS,2019-03-22 00:00:00.000,1754-01-01 06:39:54.817,2019-03-27 00:00:00.000,2.2,2019-07-25 00:00:00.000,NTD1\OOMEL1,RE000012,SCHS02088,A6MF1J,SLHS09697,0,4,SO008550,0,2019-03-22 00:00:00.000,NTD1\OOMEL1,RE019564,0,,,0,0,71,,,,0,,0,,0,,0
SO014466,Melding ILT 5-4,KLHS01513,01.03.004.01 Noorderkroon (HW),Manis Krijgsmanhof 71,S HERTOGENBOSCH,5233 BR,,KLHS01513,BrabantWonen,5340 AD,OSS,2019-04-05 00:00:00.000,1754-01-01 10:09:21.607,2019-04-05 00:00:00.000,0.25,2019-07-25 00:00:00.000,NTD1\OOMEL1,RE000012,SCHS02088,A6MF1J,SLHS09697,0,4,SO014466,1,2019-04-05 00:00:00.000,NTD1\OOMEL1,RE000012,0,,,0,0,71,,,,0,,0,,0,,0
SO016437,Melding ILT 9-5,KLHS01513,01.03.004.01 Noorderkroon (HW),Manis Krijgsmanhof 71,S HERTOGENBOSCH,5233 BR,,KLHS01513,BrabantWonen,5340 AD,OSS,2019-05-09 00:00:00.000,1754-01-01 13:23:57.417,2019-05-09 00:00:00.000,0.25,2019-07-25 00:00:00.000,NTD1\OOMEL1,RE000012,SCHS02088,A6MF1J,SLHS09697,0,4,SO016437,1,2019-05-09 00:00:00.000,NTD1\OOMEL1,RE000012,0,,,0,0,71,,,,0,,0,,0,,0
SO017086,Maandelijkse mon koper/zilver 7 mons + extra 2 mon,KLHS01513,01.03.004.01 Noorderkroon (HW),Manis Krijgsmanhof 71,S HERTOGENBOSCH,5233 BR,,KLHS01513,BrabantWonen,5340 AD,OSS,2019-05-16 00:00:00.000,1754-01-01 07:37:41.027,2019-05-22 00:00:00.000,1.69,2019-07-25 00:00:00.000,NTD1\OOMEL1,RE000012,SCHS02088,A6MF1J,SLHS09697,0,4,SO017086,1,2019-05-16 00:00:00.000,NTD1\OOMEL1,RE019564,0,,,0,0,71,,,,0,,0,,0,,0
SO017674,Melding ILT 7-6,KLHS01513,01.03.004.01 Noorderkroon (HW),Manis Krijgsmanhof 71,S HERTOGENBOSCH,5233 BR,,KLHS01513,BrabantWonen,5340 AD,OSS,2019-06-07 00:00:00.000,1754-01-01 07:21:35.900,2019-06-07 00:00:00.000,0.25,2019-07-25 00:00:00.000,NTD1\OOMEL1,RE000012,SCHS02088,A6MF1J,SLHS09697,0,4,SO017674,1,2019-06-07 00:00:00.000,NTD1\OOMEL1,RE000012,0,,,0,0,71,,,,0,,0,,0,,0
SO017838,Maandelijkse mon koper/zilver 10 mon + 6 hol,KLHS01513,01.03.004.01 Noorderkroon (HW),Manis Krijgsmanhof 71,S HERTOGENBOSCH,5233 BR,,KLHS01513,BrabantWonen,5340 AD,OSS,2019-06-14 00:00:00.000,1754-01-01 14:29:16.783,2019-06-26 00:00:00.000,3.22,2019-07-25 00:00:00.000,NTD1\OOMEL1,RE000012,SCHS02088,A6MF1J,SLHS09697,0,4,SO017838,1,2019-06-14 00:00:00.000,NTD1\OOMEL1,RE019564,0,,,0,0,71,,,,0,,0,,0,,0
SO018869,Melding ILT 11-7,KLHS01513,01.03.004.01 Noorderkroon (HW),Manis Krijgsmanhof 71,S HERTOGENBOSCH,5233 BR,,KLHS01513,BrabantWonen,5340 AD,OSS,2019-07-11 00:00:00.000,1754-01-01 08:55:25.943,2019-07-11 00:00:00.000,0.25,2019-08-16 00:00:00.000,NTD1\OOMEL1,RE000012,SCHS02088,A6MF1J,SLHS09697,0,4,SO018869,1,2019-07-11 00:00:00.000,NTD1\OOMEL1,RE000012,0,,,0,0,71,,,,0,,0,,0,,0
SO020676,Maandelijkse mon koper/zilver 8 mon + 1 hol,KLHS01513,01.03.004.01 Noorderkroon (HW),Manis Krijgsmanhof 71,S HERTOGENBOSCH,5233 BR,,KLHS01513,BrabantWonen,5340 AD,OSS,2019-08-13 00:00:00.000,1754-01-01 07:54:42.440,2019-08-26 00:00:00.000,2.03,2019-08-30 00:00:00.000,NTD1\SHAREPOINT_4PS,RE000012,SCHS02088,A6MF1J,SLHS09697,0,3,SO020676,1,2019-08-13 00:00:00.000,NTD1\OOMEL1,RE000018,0,,,0,0,71,,,,0,,0,,0,,0
SO021703,Maandelijkse mon koper/zilverinstallatie 10 mons,KLHS01513,01.03.004.01 Noorderkroon (HW),Manis Krijgsmanhof 71,S HERTOGENBOSCH,5233 BR,,KLHS01513,BrabantWonen,5340 AD,OSS,2019-09-19 00:00:00.000,1754-01-01 09:51:22.660,2019-09-25 00:00:00.000,2.2,2019-10-14 00:00:00.000,NTD1\SHAREPOINT_4PS,RE000012,SCHS02088,A6MF1J,SLHS09697,0,3,SO021703,1,2019-09-19 00:00:00.000,NTD1\OOMEL1,RE019564,0,,,0,0,71,,,,0,,0,,0,,0
SO022164,Melding ILT 9-10,KLHS01513,01.03.004.01 Noorderkroon (HW),Manis Krijgsmanhof 71,S HERTOGENBOSCH,5233 BR,,KLHS01513,BrabantWonen,5340 AD,OSS,2019-10-09 00:00:00.000,1754-01-01 06:21:37.883,2019-10-09 00:00:00.000,0.25,2019-10-09 00:00:00.000,NTD1\OOMEL1,RE000012,SCHS02088,A6MF1J,SLHS09697,0,2,SO022164,1,2019-10-09 00:00:00.000,NTD1\OOMEL1,RE000012,0,,,0,0,71,,,,0,,0,,0,,0
SOHS68856,Melding ILT,KLHS01513,01.03.004.01 Noorderkroon (HW),Manis Krijgsmanhof 71,S HERTOGENBOSCH,5233 BR,,KLHS01513,BrabantWonen,5340 AD,OSS,2016-04-04 00:00:00.000,1754-01-01 13:48:23.970,2016-04-04 00:00:00.000,1.0,2018-10-08 00:00:00.000,NTD1\OOMEL1,RE000012,SCHS02088,A6MF1J,SLHS09697,6,4,SOHS68856,1,2016-04-04 00:00:00.000,OOMEL1,RE000018,0,,,0,0,71,,,,0,,0,,0,,0
SOHS70237,Melding ILT,KLHS01513,01.03.004.01 Noorderkroon (HW),Manis Krijgsmanhof 71,S HERTOGENBOSCH,5233 BR,,KLHS01513,BrabantWonen,5340 AD,OSS,2016-04-28 00:00:00.000,1754-01-01 07:11:44.803,2016-04-28 00:00:00.000,1.0,2018-10-08 00:00:00.000,NTD1\OOMEL1,RE000012,SCHS02088,A6MF1J,SLHS09697,6,4,SOHS70237,1,2016-04-28 00:00:00.000,OOMEL1,RE000018,0,,,0,0,71,,,,0,,0,,0,,0
SOHS70630,Hol 6 monsters,KLHS01513,01.03.004.01 Noorderkroon (HW),Manis Krijgsmanhof 71,S HERTOGENBOSCH,5233 BR,,KLHS01513,BrabantWonen,5340 AD,OSS,2016-05-17 00:00:00.000,1754-01-01 12:12:45.603,2016-05-17 00:00:00.000,1.0,2018-10-08 00:00:00.000,NTD1\OOMEL1,RE000012,SCHS02088,A6MF1J,SLHS09697,6,4,SOHS70630,1,2016-05-17 00:00:00.000,NTD1\OOMEL1,RE000018,0,,,0,0,71,,,,0,,0,,0,,0
SOHS71294,Leveren 30 showerfilters + 30 cartridges Comfort,KLHS01513,01.03.004.01 Noorderkroon (HW),Manis Krijgsmanhof 71,S HERTOGENBOSCH,5233 BR,,KLHS01513,BrabantWonen,5340 AD,OSS,2016-06-07 00:00:00.000,1754-01-01 08:02:37.507,2016-06-07 00:00:00.000,1.0,2018-10-08 00:00:00.000,NTD1\OOMEL1,RE000012,SCHS02088,A6MF1J,SLHS09697,6,4,SOHS71294,1,2016-06-07 00:00:00.000,NTD1\OOMEL1,RE000012,0,,,0,0,71,,,,0,,0,,0,,0
SOHS71357,Melding ILT,KLHS01513,01.03.004.01 Noorderkroon (HW),Manis Krijgsmanhof 71,S HERTOGENBOSCH,5233 BR,,KLHS01513,BrabantWonen,5340 AD,OSS,2016-06-09 00:00:00.000,1754-01-01 08:42:10.310,2016-06-09 00:00:00.000,1.0,2018-10-08 00:00:00.000,NTD1\OOMEL1,RE000012,SCHS02088,A6MF1J,SLHS09697,6,4,SOHS71357,1,2016-06-09 00:00:00.000,NTD1\OOMEL1,RE000018,0,,,0,0,71,,,,0,,0,,0,,0
SOHS71358,Vervolgmelding ILT,KLHS01513,01.03.004.01 Noorderkroon (HW),Manis Krijgsmanhof 71,S HERTOGENBOSCH,5233 BR,,KLHS01513,BrabantWonen,5340 AD,OSS,2016-06-09 00:00:00.000,1754-01-01 08:41:12.303,2016-06-09 00:00:00.000,1.0,2018-10-08 00:00:00.000,NTD1\OOMEL1,RE000012,SCHS02088,A6MF1J,SLHS09697,6,4,SOHS71358,1,2016-06-09 00:00:00.000,NTD1\OOMEL1,RE000018,0,,,0,0,71,,,,0,,0,,0,,0
SOHS71359,Afmelding ILT,KLHS01513,01.03.004.01 Noorderkroon (HW),Manis Krijgsmanhof 71,S HERTOGENBOSCH,5233 BR,,KLHS01513,BrabantWonen,5340 AD,OSS,2016-06-09 00:00:00.000,1754-01-01 08:40:06.487,2016-06-09 00:00:00.000,1.0,2018-10-08 00:00:00.000,NTD1\OOMEL1,RE000012,SCHS02088,A6MF1J,SLHS09697,6,4,SOHS71359,1,2016-06-09 00:00:00.000,NTD1\OOMEL1,RE000018,0,,,0,0,71,,,,0,,0,,0,,0
SOHS71378,Hol 5 monsters,KLHS01513,01.03.004.01 Noorderkroon (HW),Manis Krijgsmanhof 71,S HERTOGENBOSCH,5233 BR,,KLHS01513,BrabantWonen,5340 AD,OSS,2016-06-10 00:00:00.000,1754-01-01 13:45:43.993,2016-06-10 00:00:00.000,1.0,2018-10-08 00:00:00.000,NTD1\OOMEL1,RE000012,SCHS02088,A6MF1J,SLHS09697,6,4,SOHS71378,1,2016-06-10 00:00:00.000,NTD1\OOMEL1,RE000018,0,,,0,0,71,,,,0,,0,,0,,0
SOHS73150,Maand mon koper/zilver 3 monsters,KLHS01513,01.03.004.01 Noorderkroon (HW),Manis Krijgsmanhof 71,S HERTOGENBOSCH,5233 BR,,KLHS01513,BrabantWonen,5340 AD,OSS,2016-08-19 00:00:00.000,1754-01-01 08:10:02.913,2016-08-19 00:00:00.000,1.0,2018-10-08 00:00:00.000,NTD1\OOMEL1,RE000012,SCHS02088,A6MF1J,SLHS09697,6,4,SOHS73150,1,2016-08-19 00:00:00.000,NTD1\OOMEL1,RE000018,0,,,0,0,71,,,,0,,0,,0,,0
SOHS74218,Melding ILT,KLHS01513,01.03.004.01 Noorderkroon (HW),Manis Krijgsmanhof 71,S HERTOGENBOSCH,5233 BR,,KLHS01513,BrabantWonen,5340 AD,OSS,2016-09-09 00:00:00.000,1754-01-01 07:54:17.140,2016-09-09 00:00:00.000,1.0,2018-10-08 00:00:00.000,NTD1\OOMEL1,RE000012,SCHS02088,A6MF1J,SLHS09697,6,4,SOHS74218,1,2016-09-09 00:00:00.000,NTD1\OOMEL1,RE000018,0,,,0,0,71,,,,0,,0,,0,,0
SOHS74303,Maand mon koper-zilverionisatie 3 monsters,KLHS01513,01.03.004.01 Noorderkroon (HW),Manis Krijgsmanhof 71,S HERTOGENBOSCH,5233 BR,,KLHS01513,BrabantWonen,5340 AD,OSS,2016-09-19 00:00:00.000,1754-01-01 09:25:12.713,2016-09-22 00:00:00.000,1.0,2018-10-08 00:00:00.000,NTD1\OOMEL1,RE000012,SCHS02088,A6MF1J,SLHS09697,6,4,SOHS74303,1,2016-09-19 00:00:00.000,NTD1\OOMEL1,RE000018,0,,,0,0,71,,,,0,,0,,0,,0
SOHS76528,Logblad maken beheerschema A en C,KLHS01513,01.03.004.01 Noorderkroon (HW),Manis Krijgsmanhof 71,S HERTOGENBOSCH,5233 BR,,KLHS01513,BrabantWonen,5340 AD,OSS,2016-11-17 00:00:00.000,1754-01-01 14:12:49.967,2016-11-17 00:00:00.000,0.5,2018-10-09 00:00:00.000,NTD1\BEEKB1,RE000012,SCHS02088,A6MF1J,SLHS09697,6,6,SOHS76528,1,2016-11-17 00:00:00.000,NTD1\OOMEL1,RE000018,0,,,0,0,71,,,,0,,0,,0,,0
SOHS76534,Maandelijkse mon koper-zilverionisatie 4 monsters,KLHS01513,01.03.004.01 Noorderkroon (HW),Manis Krijgsmanhof 71,S HERTOGENBOSCH,5233 BR,,KLHS01513,BrabantWonen,5340 AD,OSS,2016-11-17 00:00:00.000,1754-01-01 13:29:33.043,2016-11-24 00:00:00.000,1.0,2018-10-08 00:00:00.000,NTD1\OOMEL1,RE000012,SCHS02088,A6MF1J,SLHS09697,6,4,SOHS76534,1,2016-11-17 00:00:00.000,NTD1\OOMEL1,RE000018,0,,,0,0,71,,,,0,,0,,0,,0
SOHS76544,Melding ILT (8-11),KLHS01513,01.03.004.01 Noorderkroon (HW),Manis Krijgsmanhof 71,S HERTOGENBOSCH,5233 BR,,KLHS01513,BrabantWonen,5340 AD,OSS,2016-11-17 00:00:00.000,1754-01-01 07:31:54.203,2016-11-17 00:00:00.000,0.25,2018-10-08 00:00:00.000,NTD1\OOMEL1,RE000012,SCHS02088,A6MF1J,SLHS09697,6,4,SOHS76544,1,2016-11-17 00:00:00.000,NTD1\OOMEL1,RE000018,0,,,0,0,71,,,,0,,0,,0,,0
SOHS76803,Maandelijkse mon koper-zilverionisatie 6 monsters,KLHS01513,01.03.004.01 Noorderkroon (HW),Manis Krijgsmanhof 71,S HERTOGENBOSCH,5233 BR,,KLHS01513,BrabantWonen,5340 AD,OSS,2016-12-06 00:00:00.000,1754-01-01 13:08:04.573,2016-12-09 00:00:00.000,1.0,2018-10-08 00:00:00.000,NTD1\OOMEL1,RE000012,SCHS02088,A6MF1J,SLHS09697,6,4,SOHS76803,1,2016-12-06 00:00:00.000,NTD1\OOMEL1,RE019564,0,,,0,0,71,,,,0,,0,,0,,0
SOHS77049,Melding ILT (9-12),KLHS01513,01.03.004.01 Noorderkroon (HW),Manis Krijgsmanhof 71,S HERTOGENBOSCH,5233 BR,,KLHS01513,BrabantWonen,5340 AD,OSS,2016-12-12 00:00:00.000,1754-01-01 11:49:19.233,2016-12-12 00:00:00.000,0.25,2018-10-08 00:00:00.000,NTD1\OOMEL1,RE000012,SCHS02088,A6MF1J,SLHS09697,6,4,SOHS77049,1,2016-12-12 00:00:00.000,NTD1\OOMEL1,RE000018,0,,,0,0,71,,,,0,,0,,0,,0
SOHS79136,Opstellen spoellijst,KLHS01513,01.03.004.01 Noorderkroon (HW),Manis Krijgsmanhof 71,S HERTOGENBOSCH,5233 BR,,KLHS01513,BrabantWonen,5340 AD,OSS,2017-01-18 00:00:00.000,1754-01-01 06:38:56.623,2017-01-23 00:00:00.000,6.0,2018-10-08 00:00:00.000,NTD1\OOMEL1,RE000012,SCHS02088,A6MF1J,SLHS09697,6,4,SOHS79136,1,2017-01-18 00:00:00.000,NTD1\OOMEL1,RE019564,0,,,0,0,71,,,,0,,0,,0,,0
SOHS79317,Halfj koper/zilver,KLHS01513,01.03.004.01 Noorderkroon (HW),Manis Krijgsmanhof 71,S HERTOGENBOSCH,5233 BR,,KLHS01513,BrabantWonen,5340 AD,OSS,2017-01-23 00:00:00.000,1754-01-01 03:29:38.093,2017-01-23 00:00:00.000,0.52,2018-10-08 00:00:00.000,NTD1\OOMEL1,RE000012,SCHS02088,A6MF1J,SLHS09697,6,4,SOHS79317,1,2017-01-23 00:00:00.000,NTD1\OOMEL1,RE019564,0,,15.0,0,0,71,,,,0,,0,,0,,0
SOHS79327,Halfj koper/zilver,KLHS01513,01.03.004.01 Noorderkroon (HW),Manis Krijgsmanhof 71,S HERTOGENBOSCH,5233 BR,,KLHS01513,BrabantWonen,5340 AD,OSS,2017-01-23 00:00:00.000,1754-01-01 03:29:35.223,2017-07-01 00:00:00.000,0.39,2018-10-08 00:00:00.000,NTD1\OOMEL1,RE000012,SCHS02088,A6MF1J,SLHS09697,6,4,SOHS79327,1,2017-01-23 00:00:00.000,NTD1\OOMEL1,RE019564,0,,15.0,0,0,71,,,,0,,0,,0,,0
SOHS79332,Halfj koper/zilver,KLHS01513,01.03.004.01 Noorderkroon (HW),Manis Krijgsmanhof 71,S HERTOGENBOSCH,5233 BR,,KLHS01513,BrabantWonen,5340 AD,OSS,2017-01-23 00:00:00.000,1754-01-01 03:29:34.167,2017-10-01 00:00:00.000,0.13,2018-10-09 00:00:00.000,NTD1\BEEKB1,RE000012,SCHS02088,A6MF1J,SLHS09697,6,6,SOHS79332,1,2017-01-23 00:00:00.000,NTD1\OOMEL1,RE019564,0,,15.0,0,0,71,,,,0,,0,,0,,0
SOHS79421,Halfj mon,KLHS01513,01.03.004.01 Noorderkroon (HW),Manis Krijgsmanhof 71,S HERTOGENBOSCH,5233 BR,,KLHS01513,BrabantWonen,5340 AD,OSS,2017-01-25 00:00:00.000,1754-01-01 12:09:47.663,2017-04-01 00:00:00.000,1.17,2018-10-08 00:00:00.000,NTD1\OOMEL1,RE000012,SCHS02088,A6MF1J,SLHS09697,6,4,SOHS79421,1,2017-01-25 00:00:00.000,NTD1\OOMEL1,RE019564,0,,1.0,0,0,71,,,,0,,0,,0,,0
SOHS79422,Halfj mon,KLHS01513,01.03.004.01 Noorderkroon (HW),Manis Krijgsmanhof 71,S HERTOGENBOSCH,5233 BR,,KLHS01513,BrabantWonen,5340 AD,OSS,2017-01-25 00:00:00.000,1754-01-01 12:09:47.317,2017-10-01 00:00:00.000,1.17,2018-10-08 00:00:00.000,NTD1\OOMEL1,RE000012,SCHS02088,A6MF1J,SLHS09697,6,4,SOHS79422,1,2017-01-25 00:00:00.000,NTD1\OOMEL1,RE019564,0,,1.0,0,0,71,,,,0,,0,,0,,0
SOHS79423,Jaarl ctb,KLHS01513,01.03.004.01 Noorderkroon (HW),Manis Krijgsmanhof 71,S HERTOGENBOSCH,5233 BR,,KLHS01513,BrabantWonen,5340 AD,OSS,2017-01-25 00:00:00.000,1754-01-01 12:09:47.030,2017-03-01 00:00:00.000,10.2,2018-10-08 00:00:00.000,NTD1\OOMEL1,RE000012,SCHS02088,A6MF1J,SLHS09697,6,4,SOHS79423,1,2017-01-25 00:00:00.000,NTD1\OOMEL1,RE019564,0,,3.0,0,0,71,,,,0,,0,,0,,0
SOHS79424,Jaarl ctb ba,KLHS01513,01.03.004.01 Noorderkroon (HW),Manis Krijgsmanhof 71,S HERTOGENBOSCH,5233 BR,,KLHS01513,BrabantWonen,5340 AD,OSS,2017-01-25 00:00:00.000,1754-01-01 12:09:46.950,2017-03-01 00:00:00.000,0.6,2018-10-08 00:00:00.000,NTD1\OOMEL1,RE000012,SCHS02088,A6MF1J,SLHS09697,6,4,SOHS79424,1,2017-01-25 00:00:00.000,NTD1\OOMEL1,RE019564,0,,8.0,0,0,71,,,,0,,0,,0,,0
SOHS79425,Jaarl mp IIIc,KLHS01513,01.03.004.01 Noorderkroon (HW),Manis Krijgsmanhof 71,S HERTOGENBOSCH,5233 BR,,KLHS01513,BrabantWonen,5340 AD,OSS,2017-01-25 00:00:00.000,1754-01-01 12:09:46.870,2017-04-01 00:00:00.000,0.26,2018-10-08 00:00:00.000,NTD1\OOMEL1,RE000012,SCHS02088,A6MF1J,SLHS09697,6,4,SOHS79425,1,2017-01-25 00:00:00.000,NTD1\OOMEL1,RE019564,0,,6.0,0,0,71,,,,0,,0,,0,,0
SOHS79426,Jaarl thermometer,KLHS01513,01.03.004.01 Noorderkroon (HW),Manis Krijgsmanhof 71,S HERTOGENBOSCH,5233 BR,,KLHS01513,BrabantWonen,5340 AD,OSS,2017-01-25 00:00:00.000,1754-01-01 12:09:46.760,2017-04-01 00:00:00.000,0.13,2018-10-08 00:00:00.000,NTD1\OOMEL1,RE000012,SCHS02088,A6MF1J,SLHS09697,6,4,SOHS79426,1,2017-01-25 00:00:00.000,NTD1\OOMEL1,RE019564,0,,28.0,0,0,71,,,,0,,0,,0,,0
SOHS79658,Inventariseren terugstroombeveiligingen,KLHS01513,01.03.004.01 Noorderkroon (HW),Manis Krijgsmanhof 71,S HERTOGENBOSCH,5233 BR,,KLHS01513,BrabantWonen,5340 AD,OSS,2017-01-25 00:00:00.000,1754-01-01 09:52:33.043,2017-06-01 00:00:00.000,2.0,2018-10-08 00:00:00.000,NTD1\OOMEL1,RE000012,SCHS02088,A6MF1J,SLHS09697,6,4,SOHS79658,1,2017-01-25 00:00:00.000,NTD1\OOMEL1,RE019564,0,,,0,0,71,,,,0,,0,,0,,0
SOHS81098,Maandelijkse mons koper/zilverionisatie 4 monsters,KLHS01513,01.03.004.01 Noorderkroon (HW),Manis Krijgsmanhof 71,S HERTOGENBOSCH,5233 BR,,KLHS01513,BrabantWonen,5340 AD,OSS,2017-02-15 00:00:00.000,1754-01-01 07:34:54.097,2017-02-22 00:00:00.000,1.25,2018-10-08 00:00:00.000,NTD1\OOMEL1,RE000012,SCHS02088,A6MF1J,SLHS09697,6,4,SOHS81098,1,2017-02-15 00:00:00.000,NTD1\OOMEL1,RE019564,0,,,0,0,71,,,,0,,0,,0,,0
SOHS83376,Maandelijkse mon koper/zilverinstallatie 3 mons,KLHS01513,01.03.004.01 Noorderkroon (HW),Manis Krijgsmanhof 71,S HERTOGENBOSCH,5233 BR,,KLHS01513,BrabantWonen,5340 AD,OSS,2017-03-23 00:00:00.000,1754-01-01 08:24:16.137,2017-03-23 00:00:00.000,1.0,2018-10-08 00:00:00.000,NTD1\OOMEL1,RE000012,SCHS02088,A6MF1J,SLHS09697,6,4,SOHS83376,1,2017-03-23 00:00:00.000,NTD1\OOMEL1,RE019564,0,,,0,0,71,,,,0,,0,,0,,0
SOHS84324,Melding ILT (13-4),KLHS01513,01.03.004.01 Noorderkroon (HW),Manis Krijgsmanhof 71,S HERTOGENBOSCH,5233 BR,,KLHS01513,BrabantWonen,5340 AD,OSS,2017-04-18 00:00:00.000,1754-01-01 07:53:17.530,2017-04-18 00:00:00.000,0.25,2018-10-08 00:00:00.000,NTD1\OOMEL1,RE000012,SCHS02088,A6MF1J,SLHS09697,6,4,SOHS84324,1,2017-04-18 00:00:00.000,NTD1\OOMEL1,RE000012,0,,,0,0,71,,,,0,,0,,0,,0
SOHS84437,Maandelijkse mon koper/zilverionisatie 3 monsters,KLHS01513,01.03.004.01 Noorderkroon (HW),Manis Krijgsmanhof 71,S HERTOGENBOSCH,5233 BR,,KLHS01513,BrabantWonen,5340 AD,OSS,2017-04-21 00:00:00.000,1754-01-01 11:34:21.140,2017-04-24 00:00:00.000,0.75,2018-10-08 00:00:00.000,NTD1\OOMEL1,RE000012,SCHS02088,A6MF1J,SLHS09697,6,4,SOHS84437,1,2017-04-21 00:00:00.000,NTD1\OOMEL1,RE019564,0,,,0,0,71,,,,0,,0,,0,,0
SOHS84441,Hol 5 monsters,KLHS01513,01.03.004.01 Noorderkroon (HW),Manis Krijgsmanhof 71,S HERTOGENBOSCH,5233 BR,,KLHS01513,BrabantWonen,5340 AD,OSS,2017-04-21 00:00:00.000,1754-01-01 11:25:48.243,2017-04-24 00:00:00.000,1.25,2018-10-08 00:00:00.000,NTD1\OOMEL1,RE000012,SCHS02088,A6MF1J,SLHS09697,6,4,SOHS84441,1,2017-04-21 00:00:00.000,NTD1\OOMEL1,RE019564,0,,,0,0,71,,,,0,,0,,0,,0
SOHS85713,Maandelijkse mon koper/zilverionisatie 4 monsters,KLHS01513,01.03.004.01 Noorderkroon (HW),Manis Krijgsmanhof 71,S HERTOGENBOSCH,5233 BR,,KLHS01513,BrabantWonen,5340 AD,OSS,2017-05-17 00:00:00.000,1754-01-01 08:04:49.947,2017-05-24 00:00:00.000,1.0,2018-10-08 00:00:00.000,NTD1\OOMEL1,RE000012,SCHS02088,A6MF1J,SLHS09697,6,4,SOHS85713,1,2017-05-17 00:00:00.000,NTD1\OOMEL1,RE019564,0,,,0,0,71,,,,0,,0,,0,,0
SOHS85716,Hol 1 monster,KLHS01513,01.03.004.01 Noorderkroon (HW),Manis Krijgsmanhof 71,S HERTOGENBOSCH,5233 BR,,KLHS01513,BrabantWonen,5340 AD,OSS,2017-05-17 00:00:00.000,1754-01-01 07:29:48.423,2017-05-24 00:00:00.000,0.25,2018-10-08 00:00:00.000,NTD1\OOMEL1,RE000012,SCHS02088,A6MF1J,SLHS09697,6,4,SOHS85716,1,2017-05-17 00:00:00.000,NTD1\OOMEL1,RE019564,0,,,0,0,71,,,,0,,0,,0,,0
SOHS86507,Melding ILT,KLHS01513,01.03.004.01 Noorderkroon (HW),Manis Krijgsmanhof 71,S HERTOGENBOSCH,5233 BR,,KLHS01513,BrabantWonen,5340 AD,OSS,2017-06-08 00:00:00.000,1754-01-01 14:51:37.660,2017-06-08 00:00:00.000,0.25,2018-10-08 00:00:00.000,NTD1\OOMEL1,,SCHS02088,A6MF1J,SLHS09697,6,4,SOHS86507,1,2017-06-08 00:00:00.000,NTD1\WAASA1,RE019564,0,,,0,0,71,,,,0,,0,,0,,0
SOHS86699,Maandelijkse mon koper/zilverionisatie 4 monsters,KLHS01513,01.03.004.01 Noorderkroon (HW),Manis Krijgsmanhof 71,S HERTOGENBOSCH,5233 BR,,KLHS01513,BrabantWonen,5340 AD,OSS,2017-06-26 00:00:00.000,1754-01-01 08:03:05.047,2017-06-29 00:00:00.000,1.0,2018-10-08 00:00:00.000,NTD1\OOMEL1,RE000012,SCHS02088,A6MF1J,SLHS09697,6,4,SOHS86699,1,2017-06-26 00:00:00.000,NTD1\OOMEL1,RE019564,0,,,0,0,71,,,,0,,0,,0,,0
SOHS87051,Extra mon hardheid 2 monsters,KLHS01513,01.03.004.01 Noorderkroon (HW),Manis Krijgsmanhof 71,S HERTOGENBOSCH,5233 BR,,KLHS01513,BrabantWonen,5340 AD,OSS,2017-07-10 00:00:00.000,1754-01-01 13:53:09.563,2017-07-19 00:00:00.000,0.5,2018-10-08 00:00:00.000,NTD1\OOMEL1,RE000012,SCHS02088,A6MF1J,SLHS09697,6,4,SOHS87051,1,2017-07-10 00:00:00.000,NTD1\OOMEL1,RE019564,0,,,0,0,71,,,,0,,0,,0,,0
SOHS88311,Maandelijkse mon koper/zilverinstal 2 mons + 1 hol,KLHS01513,01.03.004.01 Noorderkroon (HW),Manis Krijgsmanhof 71,S HERTOGENBOSCH,5233 BR,,KLHS01513,BrabantWonen,5340 AD,OSS,2017-08-21 00:00:00.000,1754-01-01 12:53:21.870,2017-08-22 00:00:00.000,1.0,2018-10-08 00:00:00.000,NTD1\OOMEL1,RE000012,SCHS02088,A6MF1J,SLHS09697,6,4,SOHS88311,1,2017-08-21 00:00:00.000,NTD1\OOMEL1,RE000018,0,,,0,0,71,,,,0,,0,,0,,0
SOHS88723,Maandelijkse mon koper/zilverinstal 2 mons + 1 hol,KLHS01513,01.03.004.01 Noorderkroon (HW),Manis Krijgsmanhof 71,S HERTOGENBOSCH,5233 BR,,KLHS01513,BrabantWonen,5340 AD,OSS,2017-09-19 00:00:00.000,1754-01-01 12:08:56.793,2017-09-28 00:00:00.000,1.0,2018-10-08 00:00:00.000,NTD1\OOMEL1,RE000012,SCHS02088,A6MF1J,SLHS09697,6,4,SOHS88723,1,2017-09-19 00:00:00.000,NTD1\OOMEL1,RE019564,0,,,0,0,71,,,,0,,0,,0,,0
SOHS88994,Melding ILT (10-10),KLHS01513,01.03.004.01 Noorderkroon (HW),Manis Krijgsmanhof 71,S HERTOGENBOSCH,5233 BR,,KLHS01513,BrabantWonen,5340 AD,OSS,2017-10-10 00:00:00.000,1754-01-01 12:08:07.130,2017-10-10 00:00:00.000,0.25,2018-10-08 00:00:00.000,NTD1\OOMEL1,RE000012,SCHS02088,A6MF1J,SLHS09697,6,4,SOHS88994,1,2017-10-10 00:00:00.000,NTD1\OOMEL1,RE000012,0,,,0,0,71,,,,0,,0,,0,,0
SOHS89143,Maandelijkse mon koper/zilverinstallatie 2 mons ,KLHS01513,01.03.004.01 Noorderkroon (HW),Manis Krijgsmanhof 71,S HERTOGENBOSCH,5233 BR,,KLHS01513,BrabantWonen,5340 AD,OSS,2017-10-23 00:00:00.000,1754-01-01 13:16:27.063,2017-10-23 00:00:00.000,0.84,2018-10-08 00:00:00.000,NTD1\OOMEL1,RE000012,SCHS02088,A6MF1J,SLHS09697,6,4,SOHS89143,1,2017-10-23 00:00:00.000,NTD1\OOMEL1,RE019564,0,,,0,0,71,,,,0,,0,,0,,0
SOHS89419,Melding ILT (3-11),KLHS01513,01.03.004.01 Noorderkroon (HW),Manis Krijgsmanhof 71,S HERTOGENBOSCH,5233 BR,,KLHS01513,BrabantWonen,5340 AD,OSS,2017-11-03 00:00:00.000,1754-01-01 08:58:15.170,2017-11-03 00:00:00.000,0.25,2018-10-08 00:00:00.000,NTD1\OOMEL1,RE000012,SCHS02088,A6MF1J,SLHS09697,6,4,SOHS89419,1,2017-11-03 00:00:00.000,NTD1\OOMEL1,RE000012,0,,,0,0,71,,,,0,,0,,0,,0
SOHS90256,Maandelijkse mon koper/zilver 2 mon + hol 2 mon,KLHS01513,01.03.004.01 Noorderkroon (HW),Manis Krijgsmanhof 71,S HERTOGENBOSCH,5233 BR,,KLHS01513,BrabantWonen,5340 AD,OSS,2017-11-24 00:00:00.000,1754-01-01 08:09:45.607,2017-11-29 00:00:00.000,1.2,2018-10-08 00:00:00.000,NTD1\OOMEL1,RE000012,SCHS02088,A6MF1J,SLHS09697,6,4,SOHS90256,1,2017-11-24 00:00:00.000,NTD1\OOMEL1,RE019564,0,,,0,0,71,,,,0,,0,,0,,0
SOHS91784,Melding ILT (13-12),KLHS01513,01.03.004.01 Noorderkroon (HW),Manis Krijgsmanhof 71,S HERTOGENBOSCH,5233 BR,,KLHS01513,BrabantWonen,5340 AD,OSS,2017-12-13 00:00:00.000,1754-01-01 03:47:00.853,2017-12-13 00:00:00.000,0.25,2018-10-08 00:00:00.000,NTD1\OOMEL1,RE000012,SCHS02088,A6MF1J,SLHS09697,6,4,SOHS91784,1,2017-12-13 00:00:00.000,NTD1\OOMEL1,RE000012,0,,,0,0,71,,,,0,,0,,0,,0
SOHS91858,Maandelijkse mon koper/zilver 2 mon + hol 3 mon,KLHS01513,01.03.004.01 Noorderkroon (HW),Manis Krijgsmanhof 71,S HERTOGENBOSCH,5233 BR,,KLHS01513,BrabantWonen,5340 AD,OSS,2017-12-18 00:00:00.000,1754-01-01 02:23:28.917,2017-12-22 00:00:00.000,1.35,2018-10-08 00:00:00.000,NTD1\OOMEL1,RE000012,SCHS02088,A6MF1J,SLHS09697,6,4,SOHS91858,1,2017-12-18 00:00:00.000,NTD1\OOMEL1,RE019564,0,,,0,0,71,,,,0,,0,,0,,0
SOHS91859,Achterhalen oorzaak normoverschr. + beheer,KLHS01513,01.03.004.01 Noorderkroon (HW),Manis Krijgsmanhof 71,S HERTOGENBOSCH,5233 BR,,KLHS01513,BrabantWonen,5340 AD,OSS,2017-12-18 00:00:00.000,1754-01-01 02:06:59.443,2018-01-02 00:00:00.000,3.0,2018-10-08 00:00:00.000,NTD1\OOMEL1,RE000012,SCHS02088,A6MF1J,SLHS09697,6,4,SOHS91859,1,2017-12-18 00:00:00.000,NTD1\OOMEL1,RE000018,0,,,0,0,71,,,,0,,0,,0,,0
SOHS92163,Melding ILT 4-1,KLHS01513,01.03.004.01 Noorderkroon (HW),Manis Krijgsmanhof 71,S HERTOGENBOSCH,5233 BR,,KLHS01513,BrabantWonen,5340 AD,OSS,2018-01-04 00:00:00.000,1754-01-01 08:50:45.823,2018-01-04 00:00:00.000,0.25,2018-10-08 00:00:00.000,NTD1\OOMEL1,RE000012,SCHS02088,A6MF1J,SLHS09697,6,4,SOHS92163,1,2018-01-04 00:00:00.000,NTD1\OOMEL1,RE000012,0,,,0,0,71,,,,0,,0,,0,,0
SOHS93517,Halfj koper/zilver,KLHS01513,01.03.004.01 Noorderkroon (HW),Manis Krijgsmanhof 71,S HERTOGENBOSCH,5233 BR,,KLHS01513,BrabantWonen,5340 AD,OSS,2018-01-24 00:00:00.000,1754-01-01 12:02:04.313,2018-01-25 00:00:00.000,0.52,2018-10-08 00:00:00.000,NTD1\OOMEL1,RE000012,SCHS02088,A6MF1J,SLHS09697,6,4,SOHS93517,1,2018-01-24 00:00:00.000,NTD1\OOMEL1,RE019564,0,,15.0,0,0,71,,,,0,,0,,0,,0
SOHS93518,Halfj koper/zilver,KLHS01513,01.03.004.01 Noorderkroon (HW),Manis Krijgsmanhof 71,S HERTOGENBOSCH,5233 BR,,KLHS01513,BrabantWonen,5340 AD,OSS,2018-01-24 00:00:00.000,1754-01-01 12:02:04.137,2018-07-01 00:00:00.000,0.52,2018-10-08 00:00:00.000,NTD1\OOMEL1,RE000012,SCHS02088,A6MF1J,SLHS09697,6,4,SOHS93518,1,2018-01-24 00:00:00.000,NTD1\OOMEL1,RE019564,0,,15.0,0,0,71,,,,0,,0,,0,,0
SOHS93519,Halfj mon,KLHS01513,01.03.004.01 Noorderkroon (HW),Manis Krijgsmanhof 71,S HERTOGENBOSCH,5233 BR,,KLHS01513,BrabantWonen,5340 AD,OSS,2018-01-24 00:00:00.000,1754-01-01 12:02:04.043,2018-04-01 00:00:00.000,1.3,2018-10-08 00:00:00.000,NTD1\OOMEL1,RE000012,SCHS02088,A6MF1J,SLHS09697,6,4,SOHS93519,1,2018-01-24 00:00:00.000,NTD1\OOMEL1,RE019564,0,,1.0,0,0,71,,,,0,,0,,0,,0
SOHS93520,Halfj mon + extra mon,KLHS01513,01.03.004.01 Noorderkroon (HW),Manis Krijgsmanhof 71,S HERTOGENBOSCH,5233 BR,,KLHS01513,BrabantWonen,5340 AD,OSS,2018-01-24 00:00:00.000,1754-01-01 12:02:03.597,2018-10-01 00:00:00.000,1.3,2019-01-11 00:00:00.000,NTD1\OOMEL1,RE000012,SCHS02088,A6MF1J,SLHS09697,6,4,SOHS93520,1,2018-01-24 00:00:00.000,NTD1\OOMEL1,RE019564,0,,1.0,0,0,71,,,,0,,0,,0,,0
SOHS93521,Jaarl ctb (1e controle),KLHS01513,01.03.004.01 Noorderkroon (HW),Manis Krijgsmanhof 71,S HERTOGENBOSCH,5233 BR,,KLHS01513,BrabantWonen,5340 AD,OSS,2018-01-24 00:00:00.000,1754-01-01 12:02:03.393,2018-03-01 00:00:00.000,39.9,2018-10-08 00:00:00.000,NTD1\OOMEL1,RE000012,SCHS02088,A6MF1J,SLHS09697,6,4,SOHS93521,1,2018-01-24 00:00:00.000,NTD1\OOMEL1,RE018235,0,,3.0,0,0,71,,,,0,,0,,0,,0
SOHS93522,Jaarl ba,KLHS01513,01.03.004.01 Noorderkroon (HW),Manis Krijgsmanhof 71,S HERTOGENBOSCH,5233 BR,,KLHS01513,BrabantWonen,5340 AD,OSS,2018-01-24 00:00:00.000,1754-01-01 12:02:03.347,2018-03-01 00:00:00.000,0.6,2018-10-08 00:00:00.000,NTD1\OOMEL1,RE000012,SCHS02088,A6MF1J,SLHS09697,6,4,SOHS93522,1,2018-01-24 00:00:00.000,NTD1\OOMEL1,RE018235,0,,8.0,0,0,71,,,,0,,0,,0,,0
SOHS93523,Jaarl mp IIIc,KLHS01513,01.03.004.01 Noorderkroon (HW),Manis Krijgsmanhof 71,S HERTOGENBOSCH,5233 BR,,KLHS01513,BrabantWonen,5340 AD,OSS,2018-01-24 00:00:00.000,1754-01-01 12:02:03.300,2018-04-01 00:00:00.000,0.26,2018-10-08 00:00:00.000,NTD1\OOMEL1,RE000012,SCHS02088,A6MF1J,SLHS09697,6,4,SOHS93523,1,2018-01-24 00:00:00.000,NTD1\OOMEL1,RE019564,0,,6.0,0,0,71,,,,0,,0,,0,,0
SOHS93524,Jaarl thermometer,KLHS01513,01.03.004.01 Noorderkroon (HW),Manis Krijgsmanhof 71,S HERTOGENBOSCH,5233 BR,,KLHS01513,BrabantWonen,5340 AD,OSS,2018-01-24 00:00:00.000,1754-01-01 12:02:03.220,2018-04-01 00:00:00.000,0.13,2018-10-08 00:00:00.000,NTD1\OOMEL1,RE000012,SCHS02088,A6MF1J,SLHS09697,6,4,SOHS93524,1,2018-01-24 00:00:00.000,NTD1\OOMEL1,RE019564,0,,28.0,0,0,71,,,,0,,0,,0,,0
SOHS93525,Controle sensoren Privasysteem 1x per 3 jaar,KLHS01513,01.03.004.01 Noorderkroon (HW),Manis Krijgsmanhof 71,S HERTOGENBOSCH,5233 BR,,KLHS01513,BrabantWonen,5340 AD,OSS,2018-01-24 00:00:00.000,1754-01-01 12:02:03.157,2018-08-01 00:00:00.000,1.75,2018-12-01 00:00:00.000,NTD1\OOMEL1,RE000012,SCHS02088,A6MF1J,SLHS09697,6,6,SOHS93525,1,2018-01-24 00:00:00.000,NTD1\OOMEL1,RE022477,0,,79.0,0,0,71,,,,0,,0,,0,,0
SOHS94128,Ral + bpl + NEN 1006 + tapp + bestekverslag,KLHS01513,01.03.004.01 Noorderkroon (HW),Manis Krijgsmanhof 71,S HERTOGENBOSCH,5233 BR,,KLHS01513,BrabantWonen,5340 AD,OSS,2018-02-05 00:00:00.000,1754-01-01 08:50:21.783,2018-02-19 00:00:00.000,32.0,2018-10-08 00:00:00.000,NTD1\OOMEL1,RE000012,SCHS02088,A6MF1J,SLHS09697,6,4,SOHS94128,1,2018-02-05 00:00:00.000,NTD1\OOMEL1,RE024488,0,,,0,0,71,,,,0,,0,,0,,0
SOHS95263,Maandelijkse mon koper/zilverinstallatie 2 mons ,KLHS01513,01.03.004.01 Noorderkroon (HW),Manis Krijgsmanhof 71,S HERTOGENBOSCH,5233 BR,,KLHS01513,BrabantWonen,5340 AD,OSS,2018-02-21 00:00:00.000,1754-01-01 11:16:47.320,2018-02-23 00:00:00.000,0.84,2018-10-08 00:00:00.000,NTD1\OOMEL1,RE000012,SCHS02088,A6MF1J,SLHS09697,6,4,SOHS95263,1,2018-02-21 00:00:00.000,NTD1\OOMEL1,RE019564,0,,,0,0,71,,,,0,,0,,0,,0
SOHS98468,Kwartaal mon koper/zilverinstallatie 3 mons ,KLHS01513,01.03.004.01 Noorderkroon (HW),Manis Krijgsmanhof 71,S HERTOGENBOSCH,5233 BR,,KLHS01513,BrabantWonen,5340 AD,OSS,2018-04-25 00:00:00.000,1754-01-01 07:44:41.023,2018-04-30 00:00:00.000,1.01,2018-10-08 00:00:00.000,NTD1\OOMEL1,RE000012,SCHS02088,A6MF1J,SLHS09697,6,4,SOHS98468,1,2018-04-25 00:00:00.000,NTD1\OOMEL1,RE019564,0,,,0,0,71,,,,0,,0,,0,,0
SOHS99617,Maandelijkse mon koper/zilverinstallatie 2 mons ,KLHS01513,01.03.004.01 Noorderkroon (HW),Manis Krijgsmanhof 71,S HERTOGENBOSCH,5233 BR,,KLHS01513,BrabantWonen,5340 AD,OSS,2018-05-25 00:00:00.000,1754-01-01 12:27:40.583,2018-05-28 00:00:00.000,0.84,2018-10-08 00:00:00.000,NTD1\OOMEL1,RE000012,SCHS02088,A6MF1J,SLHS09697,6,4,SOHS99617,1,2018-05-25 00:00:00.000,NTD1\OOMEL1,RE019564,0,,,0,0,71,,,,0,,0,,0,,0
